chrI.CBS	58961	C
chrI.CBS	58965	T
chrII.CBS	264141	C
chrII.CBS	264272	G
chrII.CBS	265853	A
chrII.CBS	377416	T
chrII.CBS	379046	T
chrII.CBS	381294	T
chrII.CBS	397859	C
chrII.CBS	404615	T
chrIII.CBS	131834	C
chrIII.CBS	135096	T
chrIII.CBS	139438	T
chrIII.CBS	141170	A
chrIII.CBS	141606	G
chrIII.CBS	146335	T
chrIII.CBS	147169	G
chrIII.CBS	147759	C
chrIII.CBS	148395	T
chrIII.CBS	150774	T
chrIII.CBS	154996	C
chrIII.CBS	157390	T
chrIII.CBS	157615	G
chrIV.CBS	30716	C
chrIV.CBS	167452	T
chrIV.CBS	174088	A
chrIV.CBS	328080	G
chrIV.CBS	432634	G
chrIV.CBS	432716	C
chrIV.CBS	460280	T
chrIV.CBS	517120	T
chrIV.CBS	544589	G
chrIV.CBS	545173	T
chrIV.CBS	550011	C
chrIV.CBS	550131	C
chrIV.CBS	559474	C
chrIV.CBS	882595	T
chrIV.CBS	886475	T
chrIV.CBS	887542	C
chrIV.CBS	887735	T
chrIV.CBS	890173	G
chrIV.CBS	944126	A
chrIV.CBS	946167	G
chrIV.CBS	951739	C
chrIV.CBS	951980	T
chrIV.CBS	1091956	A
chrIV.CBS	1103014	T
chrIV.CBS	1103230	T
chrIV.CBS	1108421	A
chrIV.CBS	1113326	G
chrIV.CBS	1115106	G
chrIV.CBS	1116826	C
chrIV.CBS	1116849	C
chrIV.CBS	1116872	G
chrIV.CBS	1116874	T
chrIV.CBS	1116881	G
chrIV.CBS	1116888	T
chrIV.CBS	1116889	T
chrIV.CBS	1117315	G
chrIV.CBS	1117351	T
chrIV.CBS	1117579	A
chrIV.CBS	1118567	G
chrIV.CBS	1119128	A
chrIV.CBS	1121789	T
chrIV.CBS	1122855	C
chrIV.CBS	1123666	A
chrIV.CBS	1123820	A
chrIV.CBS	1124272	C
chrIV.CBS	1215960	G
chrIV.CBS	1216326	T
chrIV.CBS	1218475	T
chrIV.CBS	1218726	G
chrIV.CBS	1219123	G
chrIV.CBS	1437822	G
chrIV.CBS	1440606	A
chrIV.CBS	1442148	T
chrIV.CBS	1446459	C
chrIV.CBS	1449391	C
chrIV.CBS	1451389	T
chrIV.CBS	1452615	A
chrIV.CBS	1453548	T
chrIV.CBS	1457537	G
chrIV.CBS	1459128	T
chrIV.CBS	1463092	G
chrIV.CBS	1465733	T
chrIV.CBS	1465928	T
chrIV.CBS	1466217	C
chrIV.CBS	1468215	A
chrIV.CBS	1469722	T
chrIV.CBS	1471378	A
chrIV.CBS	1474812	C
chrIV.CBS	1475331	T
chrV.CBS	25644	G
chrV.CBS	25910	T
chrV.CBS	26164	C
chrV.CBS	27317	G
chrV.CBS	36180	G
chrV.CBS	168368	T
chrV.CBS	169777	T
chrV.CBS	174646	T
chrV.CBS	175647	T
chrVI.CBS	118633	G
chrVI.CBS	118865	A
chrVI.CBS	118917	A
chrVI.CBS	119716	G
chrVI.CBS	120097	G
chrVI.CBS	131472	T
chrVI.CBS	132883	A
chrVI.CBS	138892	C
chrVI.CBS	185858	T
chrVI.CBS	185973	C
chrVI.CBS	276693	A
chrVI.CBS	277659	A
chrVII.CBS	403223	T
chrVII.CBS	406133	A
chrVII.CBS	406459	T
chrVII.CBS	407750	G
chrVII.CBS	407753	A
chrVII.CBS	424930	T
chrVII.CBS	428790	G
chrVII.CBS	431099	C
chrVII.CBS	431463	C
chrVII.CBS	455157	T
chrVII.CBS	456021	C
chrVII.CBS	456024	C
chrVII.CBS	456391	G
chrVII.CBS	458337	G
chrVII.CBS	458421	G
chrVII.CBS	458600	T
chrVII.CBS	458814	C
chrVII.CBS	459117	G
chrVII.CBS	459217	G
chrVII.CBS	459252	T
chrVII.CBS	459670	A
chrVII.CBS	459859	T
chrVII.CBS	808296	G
chrVII.CBS	808349	C
chrVII.CBS	848609	C
chrVIII.CBS	283043	G
chrVIII.CBS	284421	T
chrVIII.CBS	287195	C
chrVIII.CBS	439024	T
chrVIII.CBS	441438	C
chrVIII.CBS	441668	C
chrIX.CBS	251851	G
chrIX.CBS	252589	G
chrIX.CBS	253180	A
chrIX.CBS	261285	C
chrIX.CBS	262721	T
chrIX.CBS	326965	T
chrIX.CBS	327695	C
chrIX.CBS	328806	C
chrX.CBS	103244	G
chrX.CBS	106213	T
chrX.CBS	404407	C
chrX.CBS	406009	A
chrX.CBS	406012	A
chrX.CBS	406014	A
chrX.CBS	657606	T
chrX.CBS	657614	A
chrX.CBS	657936	C
chrX.CBS	658038	T
chrX.CBS	658082	T
chrX.CBS	658104	T
chrX.CBS	658239	G
chrX.CBS	658917	A
chrX.CBS	659041	A
chrX.CBS	659574	T
chrXI.CBS	272568	A
chrXI.CBS	274076	A
chrXI.CBS	275062	C
chrXI.CBS	276322	T
chrXI.CBS	277860	A
chrXI.CBS	534778	C
chrXI.CBS	534836	T
chrXI.CBS	534962	T
chrXI.CBS	534983	C
chrXI.CBS	536618	T
chrXI.CBS	538317	C
chrXI.CBS	538693	C
chrXI.CBS	538712	A
chrXI.CBS	538850	G
chrXI.CBS	539117	C
chrXI.CBS	540456	T
chrXI.CBS	540457	T
chrXI.CBS	541095	A
chrXI.CBS	542076	A
chrXI.CBS	543052	C
chrXI.CBS	544459	C
chrXI.CBS	546547	A
chrXII.CBS	378572	T
chrXII.CBS	379278	C
chrXII.CBS	380261	T
chrXII.CBS	381251	A
chrXII.CBS	385280	T
chrXII.CBS	385826	A
chrXII.CBS	394678	G
chrXII.CBS	984447	G
chrXII.CBS	985385	T
chrXII.CBS	990655	G
chrXII.CBS	990870	T
chrXII.CBS	995204	T
chrXII.CBS	995805	C
chrXIII.CBS	495317	C
chrXIII.CBS	688403	T
chrXIII.CBS	690128	T
chrXV.CBS	281094	A
