S. paradoxus LOH,,,,,,,,,,,,,,,,,,,,,,,,,,,
Chromosome,Position,Living ancestor,Sc haplotype,Sp haplotype,ABM,AHL,AHM,AID,AIE,AQA,AQD,ATQ,AVB,BRK,CDT,CGD,CGE,CPG,YAE,YBR,YDM,#REF,#NA,#ALT,%REF,%ALT,%NA
chrI.CBS,58961,C,C,REF,REF,REF,REF,REF,REF,NA,NA,NA,REF,REF,REF,REF,REF,REF,REF,REF,REF,14,3,0,0.8235294118,0,0
chrI.CBS,58965,T,T,REF,REF,REF,REF,REF,REF,NA,NA,NA,REF,REF,REF,REF,REF,REF,REF,REF,REF,14,3,0,0.8235294118,0,0
chrII.CBS,264141,C,C,REF,REF,REF,REF,REF,REF,REF,REF,REF,C,REF,REF,REF,REF,REF,REF,REF,NA,15,1,1,0.8823529412,0.0588235294,0.0588235294
chrII.CBS,264272,G,G,REF,REF,REF,REF,REF,REF,REF,REF,REF,G,REF,REF,REF,REF,REF,REF,REF,NA,15,1,1,0.8823529412,0.0588235294,0.0588235294
chrII.CBS,265853,A,REF,A,REF,REF,REF,REF,REF,REF,REF,REF,REF,REF,REF,REF,REF,REF,REF,REF,REF,17,0,0,1,0,0
chrII.CBS,377416,T,T,REF,T,T,T,T,T,T,REF,REF,T,T,T,T,T,T,T,T,T,2,0,15,0.1176470588,0.8823529412,0.8823529412
chrII.CBS,379046,T,T,REF,T,T,T,T,T,T,T,T,T,T,T,T,T,T,T,T,T,0,0,17,0,1,1
chrII.CBS,381294,T,T,REF,T,T,T,T,T,T,T,T,T,T,T,T,T,T,T,T,T,0,0,17,0,1,1
chrII.CBS,397859,C,C,REF,REF,NA,REF,REF,REF,REF,REF,REF,NA,NA,NA,NA,NA,NA,REF,NA,REF,9,8,0,0.5294117647,0,0
chrII.CBS,404615,T,T,REF,T,T,T,T,REF,T,T,T,T,T,T,T,T,T,T,T,REF,2,0,15,0.1176470588,0.8823529412,0.8823529412
chrIII.CBS,131834,C,C,REF,NA,NA,NA,REF,REF,NA,NA,NA,NA,NA,REF,NA,NA,NA,REF,NA,NA,4,13,0,0.2352941176,0,0
chrIII.CBS,135096,T,REF,T,REF,NA,NA,REF,REF,NA,NA,NA,NA,NA,REF,NA,NA,NA,REF,NA,NA,5,12,0,0.2941176471,0,0
chrIII.CBS,139438,T,REF,T,REF,NA,NA,REF,REF,NA,NA,NA,NA,NA,REF,NA,NA,NA,REF,NA,NA,5,12,0,0.2941176471,0,0
chrIII.CBS,141170,A,REF,A,REF,NA,NA,REF,REF,NA,NA,NA,NA,NA,REF,NA,NA,NA,REF,NA,NA,5,12,0,0.2941176471,0,0
chrIII.CBS,141606,G,REF,G,REF,NA,NA,REF,REF,NA,NA,NA,NA,NA,REF,NA,NA,NA,REF,NA,NA,5,12,0,0.2941176471,0,0
chrIII.CBS,146335,T,T,REF,REF,NA,NA,REF,REF,NA,NA,NA,NA,NA,REF,NA,NA,NA,REF,NA,NA,5,12,0,0.2941176471,0,0
chrIII.CBS,147169,G,REF,G,REF,NA,NA,REF,REF,NA,NA,NA,NA,NA,REF,NA,NA,NA,REF,NA,NA,5,12,0,0.2941176471,0,0
chrIII.CBS,147759,C,C,REF,C,NA,NA,C,C,NA,NA,NA,NA,NA,NA,NA,NA,NA,C,NA,NA,0,13,4,0,0.2352941176,0.2352941176
chrIII.CBS,148395,T,T,REF,T,NA,NA,T,T,NA,NA,NA,NA,NA,NA,NA,NA,NA,T,NA,NA,0,13,4,0,0.2352941176,0.2352941176
chrIII.CBS,150774,T,REF,T,REF,NA,NA,REF,REF,NA,NA,NA,NA,NA,NA,NA,NA,NA,REF,NA,NA,4,13,0,0.2352941176,0,0
chrIII.CBS,154996,C,C,REF,C,NA,NA,C,C,NA,NA,NA,NA,NA,NA,NA,NA,NA,C,NA,NA,0,13,4,0,0.2352941176,0.2352941176
chrIII.CBS,157390,T,REF,T,REF,NA,NA,REF,REF,NA,NA,NA,NA,NA,NA,NA,NA,NA,REF,NA,NA,4,13,0,0.2352941176,0,0
chrIII.CBS,157615,G,G,REF,G,NA,NA,G,G,NA,NA,NA,NA,NA,NA,NA,NA,NA,G,NA,NA,0,13,4,0,0.2352941176,0.2352941176
chrIV.CBS,30716,C,C,REF,NA,REF,NA,REF,REF,REF,NA,NA,REF,REF,REF,REF,REF,NA,REF,REF,NA,11,6,0,0.6470588235,0,0
chrIV.CBS,167452,T,T,REF,REF,NA,REF,NA,NA,REF,REF,REF,REF,NA,REF,REF,REF,NA,NA,NA,REF,10,7,0,0.5882352941,0,0
chrIV.CBS,174088,A,A,REF,A,NA,A,NA,NA,REF,REF,REF,REF,NA,REF,A,A,REF,NA,NA,REF,7,6,4,0.4117647059,0.2352941176,0.2352941176
chrIV.CBS,328080,G,REF,G,REF,REF,REF,REF,NA,REF,REF,REF,REF,REF,REF,REF,REF,REF,NA,REF,REF,15,2,0,0.8823529412,0,0
chrIV.CBS,432634,G,REF,G,REF,REF,REF,REF,REF,REF,REF,REF,REF,REF,REF,REF,REF,REF,REF,REF,REF,17,0,0,1,0,0
chrIV.CBS,432716,C,C,REF,REF,REF,REF,REF,REF,REF,REF,REF,REF,REF,REF,REF,REF,REF,REF,REF,REF,17,0,0,1,0,0
chrIV.CBS,460280,T,T,REF,NA,NA,NA,T,NA,T,NA,NA,T,NA,T,NA,NA,T,NA,NA,NA,0,12,5,0,0.2941176471,0.2941176471
chrIV.CBS,517120,T,T,REF,T,T,T,NA,NA,NA,T,T,NA,T,T,T,T,T,NA,T,NA,0,6,11,0,0.6470588235,0.6470588235
chrIV.CBS,544589,G,G,REF,NA,G,NA,G,G,G,G,G,G,G,G,G,G,G,G,G,G,0,2,15,0,0.8823529412,0.8823529412
chrIV.CBS,545173,T,T,REF,REF,REF,REF,T,T,T,T,T,T,REF,T,T,T,T,T,REF,T,5,0,12,0.2941176471,0.7058823529,0.7058823529
chrIV.CBS,550011,C,REF,C,REF,REF,REF,REF,REF,REF,REF,REF,REF,REF,REF,REF,REF,REF,REF,REF,REF,17,0,0,1,0,0
chrIV.CBS,550131,C,REF,C,REF,REF,REF,REF,REF,REF,REF,REF,REF,REF,REF,REF,REF,REF,REF,REF,REF,17,0,0,1,0,0
chrIV.CBS,559474,C,C,REF,NA,C,NA,C,C,NA,NA,NA,NA,C,NA,C,C,C,C,C,C,0,7,10,0,0.5882352941,0.5882352941
chrIV.CBS,882595,T,T,REF,NA,NA,NA,NA,NA,NA,NA,NA,NA,NA,T,NA,NA,NA,NA,NA,NA,0,16,1,0,0.0588235294,0.0588235294
chrIV.CBS,886475,T,T,REF,NA,NA,NA,NA,NA,NA,NA,NA,NA,NA,REF,NA,NA,NA,NA,NA,NA,1,16,0,0.0588235294,0,0
chrIV.CBS,887542,C,C,REF,NA,NA,NA,NA,NA,NA,NA,NA,NA,NA,C,NA,NA,NA,NA,NA,NA,0,16,1,0,0.0588235294,0.0588235294
chrIV.CBS,887735,T,T,REF,NA,NA,NA,NA,NA,NA,NA,NA,NA,NA,T,NA,NA,NA,NA,NA,NA,0,16,1,0,0.0588235294,0.0588235294
chrIV.CBS,890173,G,G,REF,NA,NA,NA,NA,NA,NA,NA,NA,G,NA,G,NA,NA,G,NA,NA,NA,0,14,3,0,0.1764705882,0.1764705882
chrIV.CBS,944126,A,REF,A,REF,REF,REF,REF,REF,REF,REF,REF,REF,REF,REF,REF,REF,REF,REF,REF,REF,17,0,0,1,0,0
chrIV.CBS,946167,G,G,REF,REF,REF,REF,REF,REF,REF,REF,REF,REF,REF,REF,REF,REF,REF,REF,REF,REF,17,0,0,1,0,0
chrIV.CBS,951739,C,C,REF,C,C,C,C,C,C,C,C,C,C,C,C,C,C,C,C,C,0,0,17,0,1,1
chrIV.CBS,951980,T,T,REF,REF,REF,REF,REF,REF,REF,REF,REF,REF,REF,T,REF,REF,T,REF,REF,REF,15,0,2,0.8823529412,0.1176470588,0.1176470588
chrIV.CBS,1091956,A,REF,A,REF,REF,REF,REF,REF,REF,NA,NA,REF,REF,REF,REF,REF,REF,REF,REF,REF,15,2,0,0.8823529412,0,0
chrIV.CBS,1103014,T,T,REF,REF,REF,REF,REF,REF,REF,REF,REF,REF,REF,REF,REF,REF,REF,REF,REF,REF,17,0,0,1,0,0
chrIV.CBS,1103230,T,T,REF,T,T,T,REF,REF,T,REF,REF,T,T,T,T,T,T,REF,T,REF,6,0,11,0.3529411765,0.6470588235,0.6470588235
chrIV.CBS,1108421,A,A,REF,A,A,A,REF,REF,A,A,A,A,A,A,A,A,A,REF,A,REF,4,0,13,0.2352941176,0.7647058824,0.7647058824
chrIV.CBS,1113326,G,G,REF,REF,REF,REF,REF,REF,REF,REF,REF,REF,REF,REF,REF,REF,REF,REF,REF,REF,17,0,0,1,0,0
chrIV.CBS,1115106,G,G,REF,G,G,G,G,G,G,G,REF,G,G,G,G,G,G,G,G,G,1,0,16,0.0588235294,0.9411764706,0.9411764706
chrIV.CBS,1116826,C,C,REF,C,C,C,C,C,C,C,C,C,C,C,C,C,C,C,C,C,0,0,17,0,1,1
chrIV.CBS,1116849,C,C,REF,C,C,C,C,C,C,C,C,C,C,C,C,C,C,C,C,C,0,0,17,0,1,1
chrIV.CBS,1116872,G,G,REF,G,G,G,G,G,G,G,G,G,G,G,G,G,G,G,G,G,0,0,17,0,1,1
chrIV.CBS,1116874,T,T,REF,T,T,T,T,T,T,T,T,T,T,T,T,T,T,T,T,T,0,0,17,0,1,1
chrIV.CBS,1116881,G,G,REF,G,G,G,G,G,G,G,G,G,G,G,G,G,G,G,G,G,0,0,17,0,1,1
chrIV.CBS,1116888,T,T,REF,T,T,T,T,T,T,T,T,T,T,T,T,T,T,T,T,T,0,0,17,0,1,1
chrIV.CBS,1116889,T,T,REF,T,T,T,T,T,T,T,T,T,T,T,T,T,T,T,T,T,0,0,17,0,1,1
chrIV.CBS,1117315,G,G,REF,REF,REF,REF,REF,REF,REF,REF,REF,REF,REF,REF,REF,REF,REF,REF,REF,REF,17,0,0,1,0,0
chrIV.CBS,1117351,T,T,REF,T,T,T,T,T,T,T,T,T,T,T,T,T,T,T,T,T,0,0,17,0,1,1
chrIV.CBS,1117579,A,A,REF,A,A,A,A,A,A,A,A,A,A,A,A,A,A,A,A,A,0,0,17,0,1,1
chrIV.CBS,1118567,G,G,REF,G,G,G,G,G,G,G,G,G,G,G,G,G,G,G,G,G,0,0,17,0,1,1
chrIV.CBS,1119128,A,A,REF,A,A,A,A,A,A,A,A,A,A,A,A,A,A,A,A,A,0,0,17,0,1,1
chrIV.CBS,1121789,T,T,REF,T,T,T,T,T,T,T,T,T,T,T,T,T,T,T,T,T,0,0,17,0,1,1
chrIV.CBS,1122855,C,C,REF,C,C,C,C,C,C,C,C,C,C,C,C,C,C,C,C,C,0,0,17,0,1,1
chrIV.CBS,1123666,A,A,REF,A,A,A,A,A,A,A,A,A,A,A,A,A,A,A,A,A,0,0,17,0,1,1
chrIV.CBS,1123820,A,A,REF,A,A,A,A,A,A,A,A,A,A,A,A,A,A,A,A,A,0,0,17,0,1,1
chrIV.CBS,1124272,C,C,REF,REF,REF,REF,C,C,C,C,C,C,REF,REF,REF,REF,REF,C,REF,C,9,0,8,0.5294117647,0.4705882353,0.4705882353
chrIV.CBS,1215960,G,REF,G,NA,REF,NA,REF,REF,NA,NA,NA,REF,REF,NA,REF,REF,REF,REF,REF,REF,11,6,0,0.6470588235,0,0
chrIV.CBS,1216326,T,T,REF,NA,T,NA,T,T,NA,NA,NA,T,T,NA,T,T,T,T,T,T,0,6,11,0,0.6470588235,0.6470588235
chrIV.CBS,1218475,T,T,REF,NA,T,NA,T,T,NA,NA,NA,T,T,NA,T,T,T,T,T,T,0,6,11,0,0.6470588235,0.6470588235
chrIV.CBS,1218726,G,G,REF,NA,G,NA,G,G,NA,NA,NA,G,G,NA,G,G,G,G,G,G,0,6,11,0,0.6470588235,0.6470588235
chrIV.CBS,1219123,G,G,REF,NA,G,NA,G,G,NA,NA,NA,G,G,NA,G,G,G,G,G,G,0,6,11,0,0.6470588235,0.6470588235
chrIV.CBS,1437822,G,G,REF,G,G,G,G,G,G,G,G,G,G,G,NA,G,G,G,G,NA,0,2,15,0,0.8823529412,0.8823529412
chrIV.CBS,1440606,A,REF,A,REF,REF,REF,REF,REF,REF,REF,REF,REF,REF,REF,NA,REF,REF,REF,REF,REF,16,1,0,0.9411764706,0,0
chrIV.CBS,1442148,T,T,REF,REF,REF,REF,REF,REF,REF,REF,REF,REF,REF,REF,NA,REF,REF,REF,REF,REF,16,1,0,0.9411764706,0,0
chrIV.CBS,1446459,C,C,REF,C,REF,C,C,C,REF,REF,REF,C,REF,C,C,C,C,C,REF,C,6,0,11,0.3529411765,0.6470588235,0.6470588235
chrIV.CBS,1449391,C,REF,C,REF,REF,REF,REF,REF,REF,REF,REF,REF,REF,REF,REF,REF,REF,REF,REF,REF,17,0,0,1,0,0
chrIV.CBS,1451389,T,T,REF,REF,REF,REF,REF,REF,REF,REF,REF,T,REF,T,REF,REF,T,REF,REF,T,13,0,4,0.7647058824,0.2352941176,0.2352941176
chrIV.CBS,1452615,A,REF,A,REF,REF,REF,A,A,REF,REF,REF,REF,REF,REF,A,A,REF,A,REF,A,11,0,6,0.6470588235,0.3529411765,0.3529411765
chrIV.CBS,1453548,T,T,REF,T,T,T,T,T,T,T,T,T,T,T,REF,REF,T,T,T,T,2,0,15,0.1176470588,0.8823529412,0.8823529412
chrIV.CBS,1457537,G,G,REF,REF,REF,REF,G,G,REF,REF,REF,G,REF,G,G,G,G,G,REF,G,8,0,9,0.4705882353,0.5294117647,0.5294117647
chrIV.CBS,1459128,T,T,REF,REF,REF,REF,T,T,REF,REF,REF,T,REF,T,REF,REF,T,T,REF,T,10,0,7,0.5882352941,0.4117647059,0.4117647059
chrIV.CBS,1463092,G,REF,G,REF,REF,REF,REF,REF,G,REF,REF,REF,REF,REF,REF,REF,REF,REF,REF,REF,16,0,1,0.9411764706,0.0588235294,0.0588235294
chrIV.CBS,1465733,T,REF,T,REF,REF,REF,REF,REF,REF,REF,REF,REF,REF,REF,REF,REF,REF,REF,REF,REF,17,0,0,1,0,0
chrIV.CBS,1465928,T,REF,T,REF,REF,REF,REF,REF,REF,REF,REF,REF,REF,REF,REF,REF,REF,REF,REF,REF,17,0,0,1,0,0
chrIV.CBS,1466217,C,C,REF,REF,C,REF,C,C,REF,REF,REF,REF,C,C,REF,REF,C,C,C,C,8,0,9,0.4705882353,0.5294117647,0.5294117647
chrIV.CBS,1468215,A,A,REF,A,REF,A,REF,REF,A,REF,REF,A,REF,A,A,A,REF,REF,REF,A,9,0,8,0.5294117647,0.4705882353,0.4705882353
chrIV.CBS,1469722,T,T,REF,REF,REF,REF,REF,REF,T,REF,REF,T,REF,T,T,T,T,REF,REF,REF,11,0,6,0.6470588235,0.3529411765,0.3529411765
chrIV.CBS,1471378,A,REF,A,REF,REF,REF,REF,REF,REF,REF,REF,REF,REF,REF,REF,REF,REF,REF,REF,REF,17,0,0,1,0,0
chrIV.CBS,1474812,C,C,REF,C,C,C,C,C,C,C,C,C,C,C,C,C,C,C,C,C,0,0,17,0,1,1
chrIV.CBS,1475331,T,T,REF,T,T,T,T,T,T,T,T,T,T,T,T,T,T,T,T,T,0,0,17,0,1,1
chrV.CBS,25644,G,REF,G,G,REF,G,G,REF,G,G,NA,G,REF,G,G,G,G,REF,REF,REF,6,1,10,0.3529411765,0.5882352941,0.5882352941
chrV.CBS,25910,T,T,REF,T,T,T,T,T,T,T,NA,REF,T,REF,REF,REF,REF,T,T,T,5,1,11,0.2941176471,0.6470588235,0.6470588235
chrV.CBS,26164,C,C,REF,REF,C,REF,REF,REF,C,REF,NA,REF,C,REF,REF,REF,REF,REF,C,REF,12,1,4,0.7058823529,0.2352941176,0.2352941176
chrV.CBS,27317,G,G,REF,REF,G,REF,REF,REF,G,REF,NA,REF,G,REF,G,G,REF,REF,G,REF,10,1,6,0.5882352941,0.3529411765,0.3529411765
chrV.CBS,36180,G,G,REF,G,G,G,G,G,G,G,G,NA,G,REF,NA,NA,REF,G,G,G,2,3,12,0.1176470588,0.7058823529,0.7058823529
chrV.CBS,168368,T,T,REF,REF,REF,REF,NA,NA,REF,REF,REF,REF,REF,REF,REF,REF,REF,NA,REF,REF,14,3,0,0.8235294118,0,0
chrV.CBS,169777,T,REF,T,REF,REF,REF,REF,REF,REF,REF,REF,REF,REF,REF,REF,REF,REF,REF,REF,REF,17,0,0,1,0,0
chrV.CBS,174646,T,T,REF,REF,REF,REF,REF,REF,REF,REF,REF,REF,REF,REF,REF,REF,REF,REF,REF,REF,17,0,0,1,0,0
chrV.CBS,175647,T,T,REF,T,T,T,T,T,T,T,T,T,T,T,T,T,T,T,T,T,0,0,17,0,1,1
chrVI.CBS,118633,G,G,REF,G,G,G,NA,NA,NA,G,G,NA,G,NA,NA,NA,G,NA,G,NA,0,9,8,0,0.4705882353,0.4705882353
chrVI.CBS,118865,A,A,REF,A,A,A,NA,NA,NA,A,A,NA,A,NA,NA,NA,A,NA,A,NA,0,9,8,0,0.4705882353,0.4705882353
chrVI.CBS,118917,A,REF,A,REF,REF,REF,NA,NA,NA,REF,REF,NA,REF,NA,NA,NA,REF,NA,REF,NA,8,9,0,0.4705882353,0,0
chrVI.CBS,119716,G,G,REF,G,G,G,NA,NA,NA,G,G,NA,G,NA,NA,NA,G,NA,G,NA,0,9,8,0,0.4705882353,0.4705882353
chrVI.CBS,120097,G,G,REF,G,G,G,NA,NA,NA,G,G,NA,G,NA,NA,NA,G,NA,G,NA,0,9,8,0,0.4705882353,0.4705882353
chrVI.CBS,131472,T,T,REF,NA,NA,NA,NA,NA,NA,NA,NA,NA,NA,NA,NA,NA,T,NA,NA,NA,0,16,1,0,0.0588235294,0.0588235294
chrVI.CBS,132883,A,A,REF,NA,NA,NA,NA,NA,NA,NA,NA,NA,NA,NA,NA,NA,A,NA,NA,NA,0,16,1,0,0.0588235294,0.0588235294
chrVI.CBS,138892,C,C,REF,REF,C,REF,REF,REF,REF,REF,REF,REF,C,C,REF,REF,C,NA,C,REF,11,1,5,0.6470588235,0.2941176471,0.2941176471
chrVI.CBS,185858,T,REF,T,NA,NA,NA,NA,NA,NA,NA,NA,REF,NA,REF,NA,NA,REF,NA,NA,NA,3,14,0,0.1764705882,0,0
chrVI.CBS,185973,C,C,REF,NA,NA,NA,NA,NA,NA,NA,NA,C,NA,C,NA,NA,C,NA,NA,NA,0,14,3,0,0.1764705882,0.1764705882
chrVI.CBS,276693,A,REF,A,REF,REF,REF,REF,NA,REF,REF,REF,REF,REF,REF,REF,REF,REF,REF,REF,REF,16,1,0,0.9411764706,0,0
chrVI.CBS,277659,A,A,REF,REF,A,REF,REF,NA,REF,REF,REF,A,A,REF,REF,REF,REF,REF,A,REF,12,1,4,0.7058823529,0.2352941176,0.2352941176
chrVII.CBS,403223,T,REF,T,REF,REF,REF,REF,REF,REF,REF,REF,NA,REF,REF,REF,REF,REF,REF,REF,REF,16,1,0,0.9411764706,0,0
chrVII.CBS,406133,A,A,REF,A,A,A,A,A,A,A,A,NA,A,A,A,A,A,A,A,REF,1,1,15,0.0588235294,0.8823529412,0.8823529412
chrVII.CBS,406459,T,T,REF,T,T,T,REF,REF,T,T,T,NA,T,T,T,T,T,REF,T,REF,4,1,12,0.2352941176,0.7058823529,0.7058823529
chrVII.CBS,407750,G,G,REF,G,G,G,G,G,G,G,NA,NA,G,G,G,G,G,G,G,G,0,2,15,0,0.8823529412,0.8823529412
chrVII.CBS,407753,A,A,REF,A,A,A,A,A,A,A,NA,NA,A,A,A,A,A,A,A,A,0,2,15,0,0.8823529412,0.8823529412
chrVII.CBS,424930,T,T,REF,REF,REF,REF,REF,REF,NA,REF,REF,REF,REF,REF,REF,REF,REF,REF,REF,REF,16,1,0,0.9411764706,0,0
chrVII.CBS,428790,G,G,REF,G,REF,G,REF,REF,NA,REF,REF,REF,REF,REF,REF,REF,REF,REF,REF,REF,14,1,2,0.8235294118,0.1176470588,0.1176470588
chrVII.CBS,431099,C,C,REF,C,C,C,C,C,NA,C,C,C,C,C,C,C,C,C,C,C,0,1,16,0,0.9411764706,0.9411764706
chrVII.CBS,431463,C,C,REF,C,C,C,C,C,NA,C,C,C,C,C,C,C,C,C,C,REF,1,1,15,0.0588235294,0.8823529412,0.8823529412
chrVII.CBS,455157,T,REF,T,REF,REF,REF,REF,NA,REF,NA,NA,REF,REF,NA,REF,REF,REF,NA,REF,NA,11,6,0,0.6470588235,0,0
chrVII.CBS,456021,C,C,REF,NA,C,NA,C,NA,C,NA,NA,C,C,C,C,C,C,NA,C,NA,0,7,10,0,0.5882352941,0.5882352941
chrVII.CBS,456024,C,REF,C,NA,REF,NA,REF,NA,REF,NA,NA,REF,REF,REF,REF,REF,REF,NA,REF,NA,10,7,0,0.5882352941,0,0
chrVII.CBS,456391,G,G,REF,NA,G,NA,G,NA,G,NA,NA,G,G,G,G,G,G,NA,G,NA,0,7,10,0,0.5882352941,0.5882352941
chrVII.CBS,458337,G,G,REF,NA,G,NA,G,NA,G,NA,NA,G,G,G,G,G,G,NA,G,NA,0,7,10,0,0.5882352941,0.5882352941
chrVII.CBS,458421,G,G,REF,NA,G,NA,NA,NA,NA,NA,NA,G,G,G,G,G,G,NA,G,NA,0,9,8,0,0.4705882353,0.4705882353
chrVII.CBS,458600,T,T,REF,NA,T,NA,NA,NA,NA,NA,NA,T,T,T,T,T,T,NA,T,NA,0,9,8,0,0.4705882353,0.4705882353
chrVII.CBS,458814,C,C,REF,NA,C,NA,NA,NA,NA,NA,NA,C,C,C,C,C,C,NA,C,NA,0,9,8,0,0.4705882353,0.4705882353
chrVII.CBS,459117,G,G,REF,NA,G,NA,NA,NA,NA,NA,NA,REF,G,REF,G,G,REF,NA,G,NA,3,9,5,0.1764705882,0.2941176471,0.2941176471
chrVII.CBS,459217,G,REF,G,NA,REF,NA,NA,NA,NA,NA,NA,REF,REF,REF,REF,REF,REF,NA,REF,NA,8,9,0,0.4705882353,0,0
chrVII.CBS,459252,T,REF,T,NA,REF,NA,NA,NA,NA,NA,NA,REF,REF,REF,REF,REF,REF,NA,REF,NA,8,9,0,0.4705882353,0,0
chrVII.CBS,459670,A,A,REF,NA,A,NA,NA,NA,NA,NA,NA,A,A,A,A,A,A,NA,A,NA,0,9,8,0,0.4705882353,0.4705882353
chrVII.CBS,459859,T,T,REF,NA,T,NA,NA,NA,NA,NA,NA,T,T,NA,T,T,T,NA,T,NA,0,10,7,0,0.4117647059,0.4117647059
chrVII.CBS,808296,G,G,REF,G,NA,G,G,G,NA,G,G,G,NA,NA,G,G,G,G,NA,G,0,5,12,0,0.7058823529,0.7058823529
chrVII.CBS,808349,C,REF,C,REF,NA,REF,REF,REF,NA,REF,REF,REF,NA,NA,REF,REF,REF,REF,NA,REF,12,5,0,0.7058823529,0,0
chrVII.CBS,848609,C,C,REF,C,C,C,C,C,C,REF,REF,C,C,C,C,C,C,C,C,REF,3,0,14,0.1764705882,0.8235294118,0.8235294118
chrVIII.CBS,283043,G,G,REF,REF,REF,REF,G,G,REF,REF,REF,REF,REF,G,REF,REF,G,G,REF,REF,12,0,5,0.7058823529,0.2941176471,0.2941176471
chrVIII.CBS,284421,T,T,REF,REF,REF,REF,REF,REF,REF,REF,REF,REF,REF,REF,REF,REF,REF,REF,REF,REF,17,0,0,1,0,0
chrVIII.CBS,287195,C,C,REF,C,C,C,C,C,C,C,C,C,C,C,C,C,C,C,C,REF,1,0,16,0.0588235294,0.9411764706,0.9411764706
chrVIII.CBS,439024,T,REF,T,REF,NA,NA,REF,REF,NA,NA,NA,REF,NA,REF,NA,NA,REF,REF,NA,REF,8,9,0,0.4705882353,0,0
chrVIII.CBS,441438,C,C,REF,NA,NA,NA,REF,REF,NA,NA,NA,REF,NA,REF,NA,NA,REF,REF,NA,REF,7,10,0,0.4117647059,0,0
chrVIII.CBS,441668,C,C,REF,NA,NA,NA,C,C,NA,NA,NA,C,NA,C,NA,NA,C,C,NA,C,0,10,7,0,0.4117647059,0.4117647059
chrIX.CBS,251851,G,G,REF,G,NA,G,G,G,NA,NA,NA,G,NA,G,NA,NA,G,G,NA,G,0,8,9,0,0.5294117647,0.5294117647
chrIX.CBS,252589,G,G,REF,G,NA,G,G,G,NA,NA,NA,G,NA,G,NA,NA,G,G,NA,G,0,8,9,0,0.5294117647,0.5294117647
chrIX.CBS,253180,A,A,REF,REF,NA,REF,REF,REF,NA,NA,NA,REF,NA,REF,NA,NA,REF,REF,NA,REF,9,8,0,0.5294117647,0,0
chrIX.CBS,261285,C,REF,C,REF,NA,REF,REF,REF,REF,NA,NA,REF,NA,REF,NA,NA,REF,REF,NA,REF,10,7,0,0.5882352941,0,0
chrIX.CBS,262721,T,REF,T,REF,NA,REF,REF,REF,REF,REF,REF,REF,NA,REF,NA,NA,REF,REF,NA,REF,12,5,0,0.7058823529,0,0
chrIX.CBS,326965,T,REF,T,REF,REF,REF,REF,REF,REF,REF,REF,REF,REF,REF,REF,REF,REF,REF,REF,REF,17,0,0,1,0,0
chrIX.CBS,327695,C,REF,C,REF,REF,REF,REF,REF,REF,REF,REF,REF,REF,REF,REF,REF,REF,REF,REF,REF,17,0,0,1,0,0
chrIX.CBS,328806,C,C,REF,C,C,C,C,C,C,C,C,C,C,C,C,C,C,C,C,C,0,0,17,0,1,1
chrX.CBS,103244,G,REF,G,REF,REF,REF,REF,REF,REF,REF,REF,REF,REF,REF,REF,REF,REF,REF,REF,REF,17,0,0,1,0,0
chrX.CBS,106213,T,REF,T,REF,REF,REF,REF,REF,REF,REF,REF,REF,REF,REF,REF,REF,REF,REF,REF,REF,17,0,0,1,0,0
chrX.CBS,404407,C,C,REF,C,C,NA,C,C,C,NA,NA,NA,C,NA,C,C,C,C,C,NA,0,6,11,0,0.6470588235,0.6470588235
chrX.CBS,406009,A,A,REF,REF,REF,REF,REF,REF,REF,REF,REF,REF,REF,REF,REF,REF,REF,REF,REF,NA,16,1,0,0.9411764706,0,0
chrX.CBS,406012,A,A,REF,REF,REF,REF,REF,REF,REF,REF,REF,REF,REF,REF,REF,REF,REF,REF,REF,NA,16,1,0,0.9411764706,0,0
chrX.CBS,406014,A,A,REF,REF,REF,REF,REF,REF,REF,REF,REF,REF,REF,REF,REF,REF,REF,REF,REF,NA,16,1,0,0.9411764706,0,0
chrX.CBS,657606,T,T,REF,T,T,T,T,T,T,T,T,T,T,T,T,T,NA,T,T,T,0,1,16,0,0.9411764706,0.9411764706
chrX.CBS,657614,A,A,REF,A,A,A,A,A,A,A,A,A,A,A,A,A,NA,A,A,A,0,1,16,0,0.9411764706,0.9411764706
chrX.CBS,657936,C,C,REF,C,C,C,C,C,C,C,C,C,C,C,C,C,C,C,C,C,0,0,17,0,1,1
chrX.CBS,658038,T,T,REF,T,T,T,T,T,T,T,T,T,T,T,T,T,T,T,T,T,0,0,17,0,1,1
chrX.CBS,658082,T,T,REF,T,T,T,T,T,T,T,T,T,T,T,T,T,T,T,T,T,0,0,17,0,1,1
chrX.CBS,658104,T,T,REF,T,T,T,T,T,T,T,T,T,T,T,T,T,T,T,T,T,0,0,17,0,1,1
chrX.CBS,658239,G,G,REF,G,G,G,G,G,G,G,G,G,G,G,G,G,G,G,G,G,0,0,17,0,1,1
chrX.CBS,658917,A,A,REF,A,A,A,A,A,A,A,A,A,A,A,A,A,A,A,A,A,0,0,17,0,1,1
chrX.CBS,659041,A,A,REF,NA,A,NA,A,A,A,A,A,A,A,A,A,A,A,A,A,A,0,2,15,0,0.8823529412,0.8823529412
chrX.CBS,659574,T,T,REF,NA,T,NA,T,T,T,T,T,T,T,T,T,T,T,T,T,T,0,2,15,0,0.8823529412,0.8823529412
chrXI.CBS,272568,A,REF,A,REF,REF,REF,REF,REF,REF,REF,REF,REF,REF,REF,REF,REF,REF,REF,REF,NA,16,1,0,0.9411764706,0,0
chrXI.CBS,274076,A,REF,A,REF,REF,REF,REF,REF,REF,REF,REF,REF,REF,REF,REF,REF,REF,REF,REF,REF,17,0,0,1,0,0
chrXI.CBS,275062,C,C,REF,C,C,C,C,C,C,C,C,C,C,C,C,C,C,C,C,C,0,0,17,0,1,1
chrXI.CBS,276322,T,T,REF,T,T,T,T,T,T,T,T,T,T,T,T,T,T,T,T,T,0,0,17,0,1,1
chrXI.CBS,277860,A,REF,A,REF,REF,REF,REF,REF,REF,REF,REF,REF,REF,REF,REF,REF,REF,REF,REF,REF,17,0,0,1,0,0
chrXI.CBS,534778,C,C,REF,C,C,C,C,C,C,C,C,C,C,C,C,C,C,C,C,C,0,0,17,0,1,1
chrXI.CBS,534836,T,T,REF,T,T,T,T,T,T,T,T,T,T,T,T,T,T,T,T,T,0,0,17,0,1,1
chrXI.CBS,534962,T,T,REF,T,T,T,T,T,T,T,T,T,T,T,T,T,T,T,T,T,0,0,17,0,1,1
chrXI.CBS,534983,C,C,REF,NA,NA,NA,NA,NA,NA,NA,NA,NA,NA,C,NA,NA,NA,NA,NA,NA,0,16,1,0,0.0588235294,0.0588235294
chrXI.CBS,536618,T,T,REF,REF,REF,REF,REF,REF,REF,REF,REF,REF,REF,T,REF,REF,T,REF,REF,REF,15,0,2,0.8823529412,0.1176470588,0.1176470588
chrXI.CBS,538317,C,C,REF,C,C,C,C,C,C,C,C,C,C,C,C,C,C,C,C,C,0,0,17,0,1,1
chrXI.CBS,538693,C,C,REF,C,C,C,C,C,C,C,C,C,C,C,C,C,C,C,C,C,0,0,17,0,1,1
chrXI.CBS,538712,A,A,REF,REF,REF,REF,REF,REF,REF,REF,REF,REF,REF,REF,REF,REF,REF,REF,REF,REF,17,0,0,1,0,0
chrXI.CBS,538850,G,G,REF,REF,REF,REF,REF,REF,REF,REF,REF,REF,REF,REF,REF,REF,REF,REF,REF,REF,17,0,0,1,0,0
chrXI.CBS,539117,C,C,REF,C,C,C,C,C,C,C,C,C,C,C,C,C,C,C,C,C,0,0,17,0,1,1
chrXI.CBS,540456,T,T,REF,T,T,T,T,T,T,T,T,T,T,T,T,T,REF,T,T,T,1,0,16,0.0588235294,0.9411764706,0.9411764706
chrXI.CBS,540457,T,T,REF,T,T,T,T,T,T,T,T,T,T,T,T,T,REF,T,T,T,1,0,16,0.0588235294,0.9411764706,0.9411764706
chrXI.CBS,541095,A,A,REF,A,A,A,A,A,A,A,A,A,A,A,A,A,A,A,A,A,0,0,17,0,1,1
chrXI.CBS,542076,A,A,REF,A,A,A,A,A,A,A,A,A,A,A,A,A,A,A,A,A,0,0,17,0,1,1
chrXI.CBS,543052,C,C,REF,C,C,C,C,C,C,C,C,C,C,C,C,C,C,C,C,C,0,0,17,0,1,1
chrXI.CBS,544459,C,REF,C,REF,REF,REF,REF,REF,REF,REF,REF,REF,REF,REF,REF,REF,REF,REF,REF,REF,17,0,0,1,0,0
chrXI.CBS,546547,A,A,REF,A,A,A,A,A,NA,A,A,A,A,A,A,A,A,A,A,NA,0,2,15,0,0.8823529412,0.8823529412
chrXII.CBS,378572,T,T,REF,T,T,T,T,T,T,T,T,T,T,T,T,T,T,T,T,T,0,0,17,0,1,1
chrXII.CBS,379278,C,REF,C,REF,REF,REF,REF,REF,REF,REF,REF,REF,REF,REF,REF,REF,REF,REF,REF,REF,17,0,0,1,0,0
chrXII.CBS,380261,T,T,REF,REF,REF,REF,REF,REF,REF,REF,REF,REF,REF,REF,REF,REF,REF,REF,REF,REF,17,0,0,1,0,0
chrXII.CBS,381251,A,A,REF,NA,NA,NA,NA,NA,NA,REF,NA,REF,NA,REF,NA,NA,NA,NA,NA,NA,3,14,0,0.1764705882,0,0
chrXII.CBS,385280,T,T,REF,NA,NA,NA,NA,NA,T,T,NA,T,NA,T,NA,NA,NA,NA,NA,NA,0,13,4,0,0.2352941176,0.2352941176
chrXII.CBS,385826,A,REF,A,NA,NA,NA,NA,NA,REF,REF,NA,REF,NA,REF,NA,NA,NA,NA,NA,NA,4,13,0,0.2352941176,0,0
chrXII.CBS,394678,G,REF,G,REF,REF,REF,REF,REF,REF,REF,REF,REF,REF,REF,REF,REF,REF,REF,REF,REF,17,0,0,1,0,0
chrXII.CBS,984447,G,REF,G,REF,REF,REF,REF,REF,REF,REF,REF,REF,REF,REF,REF,REF,REF,REF,REF,REF,17,0,0,1,0,0
chrXII.CBS,985385,T,T,REF,REF,REF,REF,REF,REF,REF,REF,REF,REF,REF,REF,REF,REF,REF,REF,REF,REF,17,0,0,1,0,0
chrXII.CBS,990655,G,REF,G,REF,REF,REF,REF,REF,REF,REF,REF,REF,REF,REF,REF,REF,REF,REF,REF,REF,17,0,0,1,0,0
chrXII.CBS,990870,T,T,REF,T,T,T,T,T,T,T,T,T,T,T,T,T,T,T,T,T,0,0,17,0,1,1
chrXII.CBS,995204,T,REF,T,T,T,T,T,T,T,T,T,T,T,T,T,T,T,T,T,T,0,0,17,0,1,1
chrXII.CBS,995805,C,C,REF,REF,REF,REF,REF,REF,REF,REF,REF,REF,REF,REF,REF,REF,REF,REF,REF,REF,17,0,0,1,0,0
chrXIII.CBS,495317,C,C,REF,REF,REF,REF,REF,REF,REF,REF,REF,REF,REF,REF,REF,REF,REF,REF,REF,REF,17,0,0,1,0,0
chrXIII.CBS,688403,T,T,REF,NA,NA,NA,NA,NA,NA,NA,NA,REF,NA,NA,NA,NA,NA,NA,NA,NA,1,16,0,0.0588235294,0,0
chrXIII.CBS,690128,T,REF,T,NA,NA,NA,NA,NA,NA,NA,NA,REF,NA,NA,NA,NA,NA,NA,NA,NA,1,16,0,0.0588235294,0,0
chrXV.CBS,281094,A,A,REF,NA,REF,NA,REF,REF,REF,REF,REF,NA,REF,REF,REF,REF,NA,REF,REF,REF,13,4,0,0.7647058824,0,0
,#REF,0,51,156,83,73,74,84,81,68,76,73,78,73,83,71,73,77,81,73,74,,,128,,,
,#NA,0,0,0,42,42,56,32,41,61,57,66,36,42,27,47,44,29,40,42,58,,,,,,
,#ALT,207,156,51,82,92,77,91,85,78,74,68,93,92,97,89,90,101,86,92,75,,,,,,
,%REF,0,0.2463768116,0.7536231884,0.4009661836,0.3526570048,0.3574879227,0.4057971014,0.3913043478,0.3285024155,0.3671497585,0.3526570048,0.3768115942,0.3526570048,0.4009661836,0.3429951691,0.3526570048,0.3719806763,0.3913043478,0.3526570048,0.3574879227,,,,,,
,%ALT,1,0.7536231884,0.2463768116,0.3961352657,0.4444444444,0.3719806763,0.4396135266,0.4106280193,0.3768115942,0.3574879227,0.3285024155,0.4492753623,0.4444444444,0.4685990338,0.4299516908,0.4347826087,0.4879227053,0.4154589372,0.4444444444,0.3623188406,,,,,,
,%NA,0,0,0,0.2028985507,0.2028985507,0.270531401,0.154589372,0.1980676329,0.2946859903,0.2753623188,0.3188405797,0.1739130435,0.2028985507,0.1304347826,0.2270531401,0.2125603865,0.1400966184,0.193236715,0.2028985507,0.2801932367,,,,,,
,,,,,,,,,,,,,,,,,,,,,,,,,,,
,,,,,,,,,,,,,,,,,,,,,,,,,,,
,,,,,,,,,,,,,,,,,,,,,,,,,,,
,,,,,,,,,,,,,,,,,,,,,,,,,,,
,,,,,,,,,,,,,,,,,,,,,,,,,,,
,,,,,,,,,,,,,,,,,,,,,,,,,,,
,,,,,,,,,,,,,,,,,,,,,,,,,,,
,,,,,,,,,,,,,,,,,,,,,,,,,,,
,,,,,,,,,,,,,,,,,,,,,,,,,,,
,,,,,,,,,,,,,,,,,,,,,,,,,,,
S. cerevisiae LOH,,,,,,,,,,,,,,,,,,,,,,,,,,,
Chromosome,Position,Living ancestor,Sc haplotype,Sp haplotype,ABM,AHL,AHM,AID,AIE,AQA,AQD,ATQ,AVB,BRK,CDT,CGD,CGE,CPG,YAE,YBR,YDM,#REF,#NA,#ALT,%REF,%ALT,%NA
chrV.DBV,140330,A,REF,A,REF,REF,REF,REF,REF,REF,REF,REF,REF,REF,REF,REF,REF,REF,REF,REF,REF,17,0,0,1,0,0
chrVIII.DBV,324385,A,A,REF,REF,REF,REF,REF,REF,REF,REF,REF,REF,REF,A,REF,REF,REF,REF,REF,REF,16,0,1,0.9411764706,0.0588235294,0
chrVIII.DBV,325439,T,T,REF,REF,REF,REF,REF,REF,REF,REF,REF,T,REF,T,T,T,T,REF,REF,REF,12,0,5,0.7058823529,0.2941176471,0
chrVIII.DBV,328113,G,G,REF,REF,REF,REF,REF,REF,REF,REF,REF,G,REF,G,G,G,G,REF,REF,REF,12,0,5,0.7058823529,0.2941176471,0
chrVIII.DBV,334979,T,REF,T,REF,REF,REF,REF,REF,REF,REF,REF,REF,REF,REF,REF,REF,REF,REF,REF,REF,17,0,0,1,0,0
chrVIII.DBV,336067,G,REF,G,G,G,G,G,G,REF,G,G,REF,G,REF,G,G,REF,G,G,G,4,0,13,0.2352941176,0.7647058824,0
chrVIII.DBV,336571,A,A,REF,REF,REF,REF,REF,REF,REF,REF,REF,REF,REF,A,REF,REF,REF,REF,REF,REF,16,0,1,0.9411764706,0.0588235294,0
chrVIII.DBV,338350,C,C,REF,REF,C,REF,C,C,C,C,C,REF,C,REF,REF,REF,C,C,C,C,6,0,11,0.3529411765,0.6470588235,0
chrVIII.DBV,338846,A,A,REF,REF,A,REF,A,A,REF,A,A,REF,A,REF,REF,REF,A,A,A,A,7,0,10,0.4117647059,0.5882352941,0
chrVIII.DBV,342506,A,A,REF,REF,REF,REF,A,A,A,A,A,A,REF,A,A,A,A,A,REF,A,5,0,12,0.2941176471,0.7058823529,0
chrVIII.DBV,344646,C,REF,C,REF,REF,REF,REF,REF,REF,REF,REF,REF,REF,REF,REF,REF,REF,REF,REF,REF,17,0,0,1,0,0
chrVIII.DBV,345560,A,REF,A,REF,REF,REF,REF,REF,REF,REF,REF,REF,REF,REF,REF,REF,REF,REF,REF,REF,17,0,0,1,0,0
chrVIII.DBV,345995,C,REF,C,REF,REF,REF,REF,REF,REF,REF,REF,REF,REF,REF,REF,REF,REF,REF,REF,REF,17,0,0,1,0,0
chrVIII.DBV,346889,C,C,REF,C,C,C,C,C,C,C,C,C,C,C,C,C,C,C,C,C,0,0,17,0,1,0
chrVIII.DBV,347132,C,REF,C,REF,REF,REF,REF,REF,REF,REF,REF,REF,REF,REF,REF,REF,REF,REF,REF,REF,17,0,0,1,0,0
chrVIII.DBV,393492,G,G,REF,REF,REF,REF,G,G,REF,REF,REF,G,REF,G,G,G,G,G,REF,G,8,0,9,0.4705882353,0.5294117647,0
chrVIII.DBV,394044,G,REF,G,REF,REF,REF,REF,REF,REF,REF,REF,REF,REF,REF,REF,REF,REF,REF,REF,REF,17,0,0,1,0,0
chrVIII.DBV,395859,A,A,REF,A,A,A,REF,REF,REF,REF,REF,REF,A,REF,REF,REF,A,REF,A,REF,11,0,6,0.6470588235,0.3529411765,0
chrVIII.DBV,396311,T,T,REF,T,T,T,REF,REF,REF,REF,REF,REF,T,REF,REF,REF,T,REF,T,REF,11,0,6,0.6470588235,0.3529411765,0
chrVIII.DBV,399325,G,G,REF,REF,REF,REF,REF,REF,REF,REF,REF,REF,REF,REF,REF,REF,G,REF,REF,REF,16,0,1,0.9411764706,0.0588235294,0
chrVIII.DBV,399853,C,REF,C,REF,REF,REF,REF,REF,REF,REF,REF,REF,REF,REF,REF,REF,REF,REF,REF,REF,17,0,0,1,0,0
chrVIII.DBV,400770,T,REF,T,REF,REF,REF,REF,REF,REF,REF,REF,REF,REF,REF,REF,REF,REF,REF,REF,REF,17,0,0,1,0,0
chrVIII.DBV,404621,C,C,REF,C,C,C,REF,REF,C,C,C,REF,C,REF,REF,REF,C,REF,C,REF,8,0,9,0.4705882353,0.5294117647,0
chrVIII.DBV,407079,T,T,REF,REF,REF,REF,T,REF,REF,REF,REF,REF,REF,REF,REF,REF,T,REF,REF,T,14,0,3,0.8235294118,0.1764705882,0
chrVIII.DBV,407752,T,T,REF,REF,REF,REF,REF,REF,REF,REF,REF,REF,REF,REF,REF,REF,T,REF,REF,REF,16,0,1,0.9411764706,0.0588235294,0
chrVIII.DBV,410228,A,REF,A,REF,REF,REF,REF,REF,REF,REF,REF,REF,REF,REF,REF,REF,REF,REF,REF,REF,17,0,0,1,0,0
chrVIII.DBV,412224,A,REF,A,A,A,A,REF,REF,A,A,A,REF,A,A,REF,REF,REF,REF,A,REF,8,0,9,0.4705882353,0.5294117647,0
chrVIII.DBV,412532,G,G,REF,REF,REF,REF,REF,REF,REF,REF,REF,G,REF,REF,REF,REF,G,REF,REF,REF,15,0,2,0.8823529412,0.1176470588,0
chrVIII.DBV,415038,A,A,REF,REF,REF,REF,REF,REF,REF,REF,REF,REF,REF,REF,REF,REF,REF,REF,REF,REF,17,0,0,1,0,0
chrVIII.DBV,415491,T,T,REF,REF,REF,REF,REF,REF,REF,REF,REF,REF,REF,REF,REF,REF,REF,REF,REF,REF,17,0,0,1,0,0
chrVIII.DBV,416054,G,G,REF,G,G,G,G,G,G,G,G,G,G,G,G,G,G,G,G,G,0,0,17,0,1,0
chrVIII.DBV,416482,G,REF,G,REF,REF,REF,REF,REF,REF,REF,REF,REF,REF,REF,REF,REF,REF,REF,REF,REF,17,0,0,1,0,0
chrVIII.DBV,416739,T,REF,T,REF,T,REF,REF,REF,REF,REF,REF,REF,T,REF,REF,REF,T,REF,T,REF,13,0,4,0.7647058824,0.2352941176,0
chrX.DBV,599239,A,REF,A,REF,REF,REF,REF,REF,REF,REF,REF,REF,REF,REF,REF,REF,REF,REF,REF,REF,17,0,0,1,0,0
,#REF,0,15,19,27,24,27,26,27,28,26,26,27,24,25,27,27,18,27,24,26,,,20,,,
,#NA,0,0,0,0,0,0,0,0,0,0,0,0,0,0,0,0,0,0,0,0,,,,,,
,#ALT,34,19,15,7,10,7,8,7,6,8,8,7,10,9,7,7,16,7,10,8,,,,,,
,%REF,0,0.4411764706,0.5588235294,0.7941176471,0.7058823529,0.7941176471,0.7647058824,0.7941176471,0.8235294118,0.7647058824,0.7647058824,0.7941176471,0.7058823529,0.7352941176,0.7941176471,0.7941176471,0.5294117647,0.7941176471,0.7058823529,0.7647058824,,,,,,
,%ALT,1,0.5588235294,0.4411764706,0.2058823529,0.2941176471,0.2058823529,0.2352941176,0.2058823529,0.1764705882,0.2352941176,0.2352941176,0.2058823529,0.2941176471,0.2647058824,0.2058823529,0.2058823529,0.4705882353,0.2058823529,0.2941176471,0.2352941176,,,,,,
,%NA,0,0,0,0,0,0,0,0,0,0,0,0,0,0,0,0,0,0,0,0,,,,,,
