S. paradoxus LOH,,,,,,,,,,,,,,,,,,,,,,,,,,,,,
Chromosome,Position,Living ancestor,Sc haplotype,Sp haplotype,A347R1,A347R2,A347R3,A347R32,A347R33,A347R34,A347R35,A347R36,A347R37,A347R38,A347R39,A347R40,A347R41,A347R42,A347R43,A347R44,A347R45,A347R46,A347R47,A347R48,A347R49,A347R50,A452R79,A452R80,A452R81
chrI.CBS,58961,C,C,REF,REF,REF,REF,C/REF,REF,REF,REF,REF,REF,C/REF,C/REF,REF,REF,REF,C/REF,C/REF,C/REF,REF,C/REF,C/REF,C/REF,REF,REF,REF,REF
chrI.CBS,58965,T,T,REF,REF,REF,REF,T/REF,REF,REF,REF,REF,REF,T/REF,T/REF,REF,REF,REF,T/REF,T/REF,T/REF,REF,T/REF,T/REF,T/REF,REF,REF,REF,REF
chrII.CBS,264141,C,C,REF,C,REF,REF,C/REF,C,REF,REF,REF,C,C,REF,C,C,REF,REF,C,C,C,REF,C,C,REF,C,C,REF
chrII.CBS,264272,G,G,REF,G,REF,REF,G/REF,G,REF,REF,REF,G,G,REF,G,G,REF,REF,G,G,G,REF,G,G,REF,G,G,REF
chrII.CBS,265853,A,REF,A,REF,A,A,REF/A,REF,A,A,A,REF,REF,A,REF,REF,A,A,REF,REF,REF,A,REF,REF,A,REF,REF,A
chrII.CBS,377416,T,T,REF,T,REF,REF,T/REF,T,REF,REF,REF,T,T,REF,T,T,REF,REF,T,T,T,REF,T,T,REF,T,T,REF
chrII.CBS,379046,T,T,REF,T,REF,REF,T/REF,T,REF,REF,REF,T,T,REF,T,T,REF,REF,T,T,T,REF,T,T,REF,T,T,REF
chrII.CBS,381294,T,T,REF,T,REF,REF,T/REF,T,REF,REF,REF,T,T,REF,T,T,REF,REF,T,T,T,REF,T,T,REF,T,T,REF
chrII.CBS,397859,C,C,REF,C,REF,REF,C/REF,REF,C,REF,REF,REF,C,REF,REF,C,REF,REF,REF,C,C,C,REF,C,REF,C,C,REF
chrII.CBS,404615,T,T,REF,T,REF,REF,T/REF,REF,T,T,REF,REF,T,REF,REF,T,REF,T,REF,T,T,T,REF,T,REF,T,T,T
chrIII.CBS,131834,C,C,REF,REF,C/REF,REF,C,C,C,C/REF,C/REF,C,C,C/REF,C,C,C,REF,C,REF,C,C,C,REF,REF,C/REF,C/REF,C/REF
chrIII.CBS,135096,T,REF,T,T,REF/T,T,REF,REF,REF,REF/T,REF/T,REF,REF,REF/T,REF,REF,REF,T,REF,T,REF,REF,T,T,T,REF/T,REF/T,REF/T
chrIII.CBS,139438,T,REF,T,T,REF/T,T,REF,REF,REF,REF/T,REF/T,REF,REF,REF/T,REF,REF,REF,T,REF,T,REF,REF,T,T,T,REF/T,REF/T,REF/T
chrIII.CBS,141170,A,REF,A,A,REF/A,A,REF,REF,REF,REF/A,REF/A,REF,REF,REF/A,REF,REF,REF,A,REF,A,REF,REF,A,A,A,REF/A,REF/A,REF/A
chrIII.CBS,141606,G,REF,G,G,REF/G,G,REF,REF,REF,REF/G,REF/G,REF,REF,REF/G,REF,REF,REF,G,REF,G,REF,REF,G,G,G,REF/G,REF/G,REF/G
chrIII.CBS,146335,T,T,REF,REF,T/REF,REF,T,T,T,T/REF,T/REF,T,T,T/REF,T,T,T,REF,T,REF,T,T,REF,REF,REF,T/REF,T/REF,T/REF
chrIII.CBS,147169,G,REF,G,G,REF/G,G,REF,REF,REF,REF/G,REF/G,REF,REF,REF/G,REF,REF,REF,G,REF,G,REF,REF,G,G,G,REF/G,REF/G,REF/G
chrIII.CBS,147759,C,C,REF,REF,C/REF,REF,C,C,C,C/REF,C/REF,C,C,C/REF,C,C,C,REF,C,REF,C,C,REF,REF,REF,C/REF,C/REF,C/REF
chrIII.CBS,148395,T,T,REF,REF,T/REF,REF,T,T,T,T/REF,T/REF,T,T,T/REF,T,T,T,REF,T,REF,T,T,REF,REF,REF,T/REF,T/REF,T/REF
chrIII.CBS,150774,T,REF,T,T,REF/T,T,REF,REF,REF,REF/T,REF/T,REF,REF,REF/T,REF,REF,REF,T,REF,T,REF,REF,T,T,T,REF/T,REF/T,REF/T
chrIII.CBS,154996,C,C,REF,REF,C/REF,REF,C,C,C,C/REF,C/REF,C,C,C/REF,C,C,C,REF,C,REF,C,C,REF,REF,C,C/REF,C/REF,C/REF
chrIII.CBS,157390,T,REF,T,T,REF/T,T,REF,REF,REF,REF/T,REF/T,REF,REF,REF/T,REF,REF,REF,T,REF,T,REF,REF,T,T,REF,REF/T,REF/T,REF/T
chrIII.CBS,157615,G,G,REF,REF,G/REF,REF,G,G,G,G/REF,G/REF,G,G,G/REF,G,G,G,REF,G,REF,G,G,REF,REF,G,G/REF,G/REF,G/REF
chrIV.CBS,30716,C,C,REF,C,C,REF,C,REF,REF,REF,REF,C,REF,REF,C,C,C,C,C,REF,REF,C,REF,C,C,C,REF,REF
chrIV.CBS,167452,T,T,REF,T,T,REF,T,T,REF,REF,REF,T,REF,REF,T,T,T,T,T,REF,REF,T,REF,T,T,T,REF,REF
chrIV.CBS,174088,A,A,REF,A,A,REF,A,A,REF,REF,REF,A,REF,REF,A,A,A,A,A,REF,A,A,REF,A,A,A,REF,REF
chrIV.CBS,328080,G,REF,G,REF,REF,G,REF,REF,G,G,G,REF,G,G,REF,REF,REF,REF,REF,G,REF,REF,G,REF,REF,G,G,G
chrIV.CBS,432634,G,REF,G,REF,REF,G,REF,REF,G,G,G,REF,G,G,REF,REF,REF,REF,REF,G,REF,REF,G,REF,REF,G,G,REF
chrIV.CBS,432716,C,C,REF,C,C,REF,C,C,REF,REF,REF,C,REF,REF,C,C,C,C,C,REF,C,C,REF,C,C,REF,REF,C
chrIV.CBS,460280,T,T,REF,T,T,REF,T,T,REF,REF,REF,T,REF,REF,T,T,T,T,T,REF,T,T,REF,T,T,REF,REF,T
chrIV.CBS,517120,T,T,REF,REF,REF,REF,T,REF,REF,REF,REF,T,REF,REF,T,T,T,T,T,REF,REF,T,REF,T,T,REF,REF,T
chrIV.CBS,544589,G,G,REF,REF,G,REF,G,G,G,G,REF,G,REF,G,REF,G,REF,REF,REF,REF,G,REF,REF,G,G,REF,REF,G
chrIV.CBS,545173,T,T,REF,REF,T,REF,T,T,T,T,REF,T,REF,T,REF,T,REF,REF,REF,REF,T,REF,REF,T,T,REF,REF,T
chrIV.CBS,550011,C,REF,C,C,REF,C,REF,REF,REF,REF,C,REF,C,REF,C,REF,C,C,C,C,REF,C,C,REF,REF,C,C,REF
chrIV.CBS,550131,C,REF,C,C,REF,C,REF,REF,REF,REF,C,REF,C,REF,C,REF,C,C,C,C,REF,C,C,REF,REF,C,C,REF
chrIV.CBS,559474,C,C,REF,REF,C,REF,C,C,C,C,REF,C,REF,C,C,C,REF,REF,REF,REF,C,REF,C,C,C,REF,REF,C
chrIV.CBS,882595,T,T,REF,T,T,REF,T,T,T,T,REF,T,REF,T,REF,T,REF,REF,T,REF,T,REF,T,T,T,REF,REF,T
chrIV.CBS,886475,T,T,REF,T,T,REF,T,T,T,T,REF,T,REF,T,REF,T,REF,REF,T,REF,T,REF,T,T,T,REF,REF,T
chrIV.CBS,887542,C,C,REF,C,C,REF,C,C,C,C,REF,C,REF,C,REF,C,REF,REF,C,REF,C,REF,C,C,C,REF,REF,C
chrIV.CBS,887735,T,T,REF,T,T,REF,T,T,T,T,REF,T,REF,T,REF,T,REF,REF,T,REF,T,REF,T,T,T,REF,REF,T
chrIV.CBS,890173,G,G,REF,G,G,REF,G,G,G,G,REF,G,REF,G,REF,G,REF,REF,G,REF,G,REF,G,G,G,REF,REF,G
chrIV.CBS,944126,A,REF,A,REF,REF,A,REF,REF,REF,A,A,REF,A,REF,A,REF,REF,A,REF,A,REF,A,REF,REF,REF,A,A,REF
chrIV.CBS,946167,G,G,REF,G,G,REF,G,G,G,REF,REF,G,REF,G,REF,G,G,REF,G,REF,G,REF,G,G,G,REF,REF,G
chrIV.CBS,951739,C,C,REF,C,C,REF,C,C,C,REF,REF,C,REF,C,REF,C,C,REF,C,REF,C,REF,C,C,C,REF,REF,C
chrIV.CBS,951980,T,T,REF,T,T,REF,T,T,T,REF,REF,T,REF,T,REF,T,T,REF,T,REF,T,REF,T,T,T,REF,REF,T
chrIV.CBS,1091956,A,REF,A,REF,REF,A,REF,REF,REF,A,A,REF,A,REF,A,REF,REF,A,REF,A,REF,A,REF,REF,REF,A,A,REF
chrIV.CBS,1103014,T,T,REF,T,REF,REF,T,T,T,REF,REF,T,REF,T,REF,REF,T,REF,REF,REF,T,REF,T,T,T,REF,REF,T
chrIV.CBS,1103230,T,T,REF,T,REF,REF,T,T,T,REF,REF,T,REF,T,REF,REF,T,REF,REF,REF,T,REF,T,T,T,REF,REF,T
chrIV.CBS,1108421,A,A,REF,A,REF,REF,A,A,A,REF,REF,A,REF,A,REF,REF,A,REF,REF,REF,A,REF,A,A,A,REF,REF,A
chrIV.CBS,1113326,G,G,REF,G,REF,REF,G,G,G,REF,REF,G,G,G,REF,REF,G,REF,REF,G,G,REF,G,G,G,REF,REF,G
chrIV.CBS,1115106,G,G,REF,G,REF,REF,G,G,G,REF,REF,G,G,G,REF,REF,G,REF,REF,G,G,REF,G,G,G,REF,REF,G
chrIV.CBS,1116826,C,C,REF,C,REF,REF,C,C,C,REF,REF,C,C,C,REF,REF,C,REF,REF,C,C,REF,C,C,C,REF,REF,C
chrIV.CBS,1116849,C,C,REF,C,REF,REF,C,C,C,REF,REF,C,C,C,REF,REF,C,REF,REF,C,C,REF,C,C,C,REF,REF,C
chrIV.CBS,1116872,G,G,REF,G,REF,REF,G,G,G,REF,REF,G,G,G,REF,REF,G,REF,REF,G,G,REF,G,G,G,REF,REF,G
chrIV.CBS,1116874,T,T,REF,T,REF,REF,T,T,T,REF,REF,T,T,T,REF,REF,T,REF,REF,T,T,REF,T,T,T,REF,REF,T
chrIV.CBS,1116881,G,G,REF,G,REF,REF,G,G,G,REF,REF,G,G,G,REF,REF,G,REF,REF,G,G,REF,G,G,G,REF,REF,G
chrIV.CBS,1116888,T,T,REF,T,REF,REF,T,T,T,REF,REF,T,T,T,REF,REF,T,REF,REF,T,T,REF,T,T,T,REF,REF,T
chrIV.CBS,1116889,T,T,REF,T,REF,REF,T,T,T,REF,REF,T,T,T,REF,REF,T,REF,REF,T,T,REF,T,T,T,REF,REF,T
chrIV.CBS,1117315,G,G,REF,G,REF,REF,G,G,G,REF,REF,G,G,G,REF,REF,G,REF,REF,G,G,REF,G,G,G,REF,REF,G
chrIV.CBS,1117351,T,T,REF,T,REF,REF,T,T,T,REF,REF,T,T,T,REF,REF,T,REF,REF,T,T,REF,T,T,T,REF,REF,T
chrIV.CBS,1117579,A,A,REF,A,REF,REF,A,A,A,REF,REF,A,A,A,REF,REF,A,REF,REF,A,A,REF,A,A,A,REF,REF,A
chrIV.CBS,1118567,G,G,REF,G,REF,REF,G,G,G,REF,REF,G,G,G,REF,REF,G,REF,REF,G,G,REF,G,G,REF,REF,REF,G
chrIV.CBS,1119128,A,A,REF,A,REF,REF,A,A,A,REF,REF,A,A,A,REF,REF,A,REF,REF,A,A,REF,A,A,REF,REF,REF,A
chrIV.CBS,1121789,T,T,REF,T,REF,REF,T,T,T,REF,REF,T,T,T,REF,REF,T,REF,REF,T,REF,REF,T,T,REF,REF,REF,T
chrIV.CBS,1122855,C,C,REF,C,REF,REF,C,C,C,REF,REF,C,C,C,REF,REF,C,REF,REF,C,REF,REF,C,C,REF,REF,REF,C
chrIV.CBS,1123666,A,A,REF,A,REF,REF,A,A,A,REF,REF,A,A,A,REF,REF,A,REF,REF,A,REF,REF,A,A,REF,REF,REF,A
chrIV.CBS,1123820,A,A,REF,A,REF,REF,A,A,A,REF,REF,A,A,A,REF,REF,A,REF,REF,A,REF,REF,A,A,REF,REF,REF,A
chrIV.CBS,1124272,C,C,REF,C,REF,REF,C,C,C,REF,REF,C,C,C,REF,REF,C,REF,REF,C,REF,REF,C,C,REF,REF,REF,C
chrIV.CBS,1215960,G,REF,G,REF,G,G,REF,REF,REF,G,G,REF,REF,REF,G,G,REF,G,G,REF,G,G,REF,REF,G,G,G,REF
chrIV.CBS,1216326,T,T,REF,T,REF,REF,T,T,T,REF,REF,T,T,T,REF,REF,T,REF,REF,T,REF,REF,T,T,REF,REF,REF,T
chrIV.CBS,1218475,T,T,REF,T,REF,REF,T,T,T,REF,REF,T,T,T,REF,REF,T,REF,REF,T,REF,REF,T,T,REF,REF,REF,T
chrIV.CBS,1218726,G,G,REF,G,REF,REF,G,G,G,REF,REF,G,G,G,REF,REF,G,REF,REF,G,REF,REF,G,G,REF,REF,REF,G
chrIV.CBS,1219123,G,G,REF,G,REF,REF,G,G,G,REF,REF,G,G,G,REF,REF,G,REF,REF,G,REF,REF,G,G,REF,REF,REF,G
chrIV.CBS,1437822,G,G,REF,G,REF,REF,G,REF,G,REF,REF,G,G,G,REF,G,G,REF,REF,G,REF,G,REF,G,G,REF,REF,G
chrIV.CBS,1440606,A,REF,A,REF,A,A,REF,A,REF,A,A,REF,REF,REF,A,REF,REF,A,A,REF,A,REF,A,REF,REF,A,A,REF
chrIV.CBS,1442148,T,T,REF,T,REF,REF,T,REF,T,REF,REF,T,T,T,REF,T,T,REF,REF,T,REF,T,REF,T,T,REF,REF,REF
chrIV.CBS,1446459,C,C,REF,C,REF,REF,C,REF,C,REF,REF,C,C,C,REF,C,C,REF,REF,C,REF,C,REF,C,C,REF,REF,REF
chrIV.CBS,1449391,C,REF,C,REF,C,C,REF,REF,REF,C,C,REF,REF,REF,C,REF,REF,C,C,REF,C,REF,C,REF,REF,C,C,C
chrIV.CBS,1451389,T,T,REF,T,REF,REF,T,T,T,REF,REF,T,T,T,REF,T,T,REF,REF,T,REF,T,REF,T,T,REF,REF,REF
chrIV.CBS,1452615,A,REF,A,REF,A,A,REF,REF,REF,A,A,REF,REF,REF,A,REF,REF,A,A,REF,A,REF,A,REF,REF,A,A,A
chrIV.CBS,1453548,T,T,REF,T,REF,REF,T,T,T,REF,REF,T,T,T,REF,T,T,REF,REF,T,REF,T,REF,T,T,REF,REF,REF
chrIV.CBS,1457537,G,G,REF,G,REF,REF,G,G,G,REF,REF,G,G,REF,REF,G,G,REF,REF,G,REF,G,REF,G,G,REF,REF,REF
chrIV.CBS,1459128,T,T,REF,T,REF,REF,T,T,T,REF,REF,T,T,REF,REF,T,T,REF,REF,T,REF,T,REF,T,T,REF,REF,T
chrIV.CBS,1463092,G,REF,G,REF,G,G,REF,REF,REF,G,G,REF,REF,G,G,REF,REF,G,G,REF,G,REF,G,REF,REF,G,G,REF
chrIV.CBS,1465733,T,REF,T,REF,T,T,REF,REF,REF,T,T,REF,REF,T,T,REF,REF,T,T,REF,T,REF,T,REF,REF,T,T,REF
chrIV.CBS,1465928,T,REF,T,REF,T,T,REF,REF,REF,T,T,REF,REF,T,T,REF,REF,T,T,REF,T,REF,T,REF,REF,T,T,REF
chrIV.CBS,1466217,C,C,REF,C,REF,REF,C,C,C,REF,REF,C,C,REF,REF,C,C,REF,REF,C,REF,C,REF,C,C,REF,REF,C
chrIV.CBS,1468215,A,A,REF,A,REF,REF,A,A,A,REF,REF,A,A,REF,REF,A,A,REF,REF,A,REF,A,REF,A,A,REF,REF,A
chrIV.CBS,1469722,T,T,REF,T,REF,REF,T,T,T,REF,REF,T,T,REF,REF,T,T,REF,REF,T,REF,T,REF,T,T,REF,REF,T
chrIV.CBS,1471378,A,REF,A,REF,A,A,REF,REF,REF,A,A,REF,REF,A,A,REF,REF,A,A,REF,A,REF,A,REF,REF,A,A,REF
chrIV.CBS,1474812,C,C,REF,C,REF,REF,C,C,C,REF,REF,C,C,REF,REF,C,C,REF,REF,C,REF,C,REF,C,C,REF,REF,C
chrIV.CBS,1475331,T,T,REF,T,REF,REF,T,T,T,REF,REF,T,T,REF,REF,T,T,REF,REF,T,REF,T,REF,T,T,REF,REF,T
chrV.CBS,25644,G,REF,G,REF,REF,G,G,G,REF,G,REF,REF,G,G,G,G,REF,G,G,REF,G,G,REF,G,G,G,REF,REF
chrV.CBS,25910,T,T,REF,REF,T,REF,REF,REF,T,REF,T,T,REF,REF,REF,REF,T,REF,REF,T,REF,REF,T,REF,REF,REF,T,T
chrV.CBS,26164,C,C,REF,REF,C,REF,REF,REF,C,REF,C,C,REF,REF,REF,REF,C,REF,REF,C,REF,REF,C,REF,REF,REF,C,C
chrV.CBS,27317,G,G,REF,REF,G,REF,REF,REF,G,REF,G,REF,REF,REF,REF,REF,G,REF,REF,G,REF,REF,G,REF,REF,G,G,G
chrV.CBS,36180,G,G,REF,G,G,G,REF,REF,REF,G,G,G,REF,REF,REF,REF,G,REF,REF,G,REF,G,G,REF,REF,G,G,G
chrV.CBS,168368,T,T,REF,T,T,T,REF,REF,REF,T,T,T,REF,REF,REF,REF,T,REF,REF,T,REF,T,T,REF,REF,T,T,T
chrV.CBS,169777,T,REF,T,REF,REF,REF,T,T,T,REF,REF,REF,T,T,T,T,REF,T,T,REF,T,REF,REF,T,T,REF,REF,REF
chrV.CBS,174646,T,T,REF,T,T,T,REF,REF,REF,T,T,T,REF,REF,REF,REF,T,REF,REF,T,REF,T,T,T,REF,T,T,T
chrV.CBS,175647,T,T,REF,T,T,T,REF,REF,REF,T,T,T,REF,REF,REF,REF,T,REF,REF,T,REF,T,T,T,REF,T,T,T
chrVI.CBS,118633,G,G,REF,G,REF,REF,REF,G,REF,REF,REF,G,REF,G,REF,REF,REF,G,REF,G,REF,REF,G,REF,REF,REF,REF,G
chrVI.CBS,118865,A,A,REF,A,REF,REF,REF,A,REF,REF,REF,A,REF,A,REF,REF,REF,A,REF,A,REF,REF,A,REF,REF,REF,REF,A
chrVI.CBS,118917,A,REF,A,REF,A,A,A,REF,A,A,A,REF,A,REF,A,A,A,REF,A,REF,A,A,REF,A,A,A,A,REF
chrVI.CBS,119716,G,G,REF,G,REF,REF,REF,G,REF,REF,REF,G,REF,G,REF,REF,REF,G,REF,G,REF,REF,G,REF,REF,REF,REF,G
chrVI.CBS,120097,G,G,REF,G,REF,REF,REF,G,REF,REF,REF,G,REF,G,REF,REF,REF,G,REF,G,REF,REF,G,REF,REF,REF,REF,G
chrVI.CBS,131472,T,T,REF,T,REF,REF,REF,T,REF,REF,REF,T,REF,T,REF,REF,REF,T,REF,T,REF,REF,T,REF,REF,REF,REF,T
chrVI.CBS,132883,A,A,REF,A,REF,REF,REF,A,REF,REF,REF,A,REF,A,REF,REF,REF,A,REF,A,REF,REF,A,REF,REF,REF,REF,A
chrVI.CBS,138892,C,C,REF,C,REF,REF,REF,C,REF,REF,REF,C,REF,C,REF,REF,REF,C,REF,C,REF,REF,C,REF,REF,REF,REF,C
chrVI.CBS,185858,T,REF,T,REF,T,T,T,REF,T,T,T,REF,T,REF,T,T,T,REF,T,REF,T,T,REF,T,T,T,T,REF
chrVI.CBS,185973,C,C,REF,C,REF,REF,REF,C,REF,REF,REF,C,REF,C,REF,REF,REF,C,REF,C,REF,REF,C,REF,REF,REF,REF,C
chrVI.CBS,276693,A,REF,A,A,REF,A,REF,REF,REF,A,REF,A,A,REF,A,A,REF,A,REF,A,A,REF,REF,A,A,A,A,REF
chrVI.CBS,277659,A,A,REF,REF,A,REF,A,A,A,REF,A,REF,REF,A,REF,REF,A,REF,A,REF,REF,A,A,REF,REF,REF,REF,A
chrVII.CBS,403223,T,REF,T,REF,REF,T,T,REF,T,T,T,T,REF/T,REF,T,REF,T,REF/T,REF,T,T,T,T,REF,REF/T,T,T,T
chrVII.CBS,406133,A,A,REF,REF,REF,A,REF,A,A,A,REF,A,A/REF,A,A,A,REF,A/REF,REF,A,REF,A,REF,A,A/REF,REF,REF,REF
chrVII.CBS,406459,T,T,REF,REF,REF,T,REF,T,T,T,REF,T,T/REF,T,T,T,REF,T/REF,REF,T,REF,T,REF,T,T/REF,REF,REF,REF
chrVII.CBS,407750,G,G,REF,REF,REF,G,REF,G,G,G,REF,G,G/REF,G,G,G,REF,G/REF,REF,G,REF,G,REF,G,G/REF,REF,REF,REF
chrVII.CBS,407753,A,A,REF,REF,REF,A,REF,A,A,A,REF,A,A/REF,A,A,A,REF,A/REF,REF,A,REF,A,REF,A,A/REF,REF,REF,REF
chrVII.CBS,424930,T,T,REF,T,REF,T,REF,T,T,T,REF,REF,T/REF,T,T,T,REF,T/REF,REF,T,REF,T,REF,T,T/REF,REF,REF,REF
chrVII.CBS,428790,G,G,REF,G,REF,G,G,G,REF,G,G,REF,G/REF,G,G,G,REF,G/REF,REF,G,REF,G,REF,G,G/REF,REF,REF,REF
chrVII.CBS,431099,C,C,REF,C,C,C,REF,C,C,C,C,REF,C/REF,C,C,C,REF,C/REF,C,C,REF,C,REF,C,C/REF,REF,REF,REF
chrVII.CBS,431463,C,C,REF,C,C,C,REF,C,REF,C,C,REF,C/REF,C,C,C,REF,C/REF,C,C,REF,C,REF,C,C/REF,REF,REF,REF
chrVII.CBS,455157,T,REF,T,REF,REF,REF,T,REF,T,REF,REF,T,REF/T,REF,REF,REF,T,REF/T,REF,REF,T,REF,T,REF,REF/T,T,T,T
chrVII.CBS,456021,C,C,REF,C,C,C,REF,C,REF,C,C,REF,C/REF,C,C,C,REF,C/REF,C,C,REF,C,REF,C,C/REF,REF,REF,REF
chrVII.CBS,456024,C,REF,C,REF,REF,REF,C,REF,C,REF,REF,C,REF/C,REF,REF,REF,C,REF/C,REF,REF,C,REF,C,REF,REF/C,C,C,C
chrVII.CBS,456391,G,G,REF,G,G,G,REF,G,REF,G,G,REF,G/REF,G,G,G,REF,G/REF,G,G,REF,G,REF,G,G/REF,REF,REF,REF
chrVII.CBS,458337,G,G,REF,G,REF,G,REF,G,REF,G,REF,REF,G/REF,G,G,G,REF,G/REF,G,G,REF,G,REF,G,G/REF,REF,REF,REF
chrVII.CBS,458421,G,G,REF,G,G,G,REF,G,REF,G,G,REF,G/REF,G,G,G,REF,G/REF,G,G,REF,G,REF,G,G/REF,REF,REF,REF
chrVII.CBS,458600,T,T,REF,T,T,T,REF,T,REF,T,T,REF,T/REF,T,T,T,REF,T/REF,T,T,REF,T,REF,T,T/REF,REF,REF,REF
chrVII.CBS,458814,C,C,REF,C,C,C,REF,C,REF,C,C,REF,C/REF,C,C,C,REF,C/REF,C,C,REF,C,REF,C,C/REF,REF,REF,REF
chrVII.CBS,459117,G,G,REF,G,G,G,REF,G,REF,G,G,REF,G/REF,G,G,G,REF,G/REF,G,G,REF,G,REF,G,G/REF,REF,REF,REF
chrVII.CBS,459217,G,REF,G,REF,REF,REF,G,REF,G,REF,REF,G,REF/G,REF,REF,REF,G,REF/G,REF,REF,G,REF,G,REF,REF/G,G,G,G
chrVII.CBS,459252,T,REF,T,REF,REF,REF,T,REF,T,REF,REF,T,REF/T,REF,REF,REF,T,REF/T,REF,REF,T,REF,T,REF,REF/T,T,T,T
chrVII.CBS,459670,A,A,REF,A,A,A,REF,A,REF,A,A,REF,A/REF,A,A,A,REF,A/REF,A,A,REF,A,REF,A,A/REF,REF,REF,REF
chrVII.CBS,459859,T,T,REF,T,T,T,REF,T,REF,T,T,REF,T/REF,T,T,T,REF,T/REF,T,T,REF,T,REF,T,T/REF,REF,REF,REF
chrVII.CBS,808296,G,G,REF,REF,G,G,REF,G,REF,G,REF,REF,G/REF,G,G,G,REF,G/REF,G,G,REF,G,REF,G,G/REF,REF,REF,REF
chrVII.CBS,808349,C,REF,C,C,REF,REF,C,REF,C,REF,C,C,REF/C,REF,REF,REF,C,REF/C,REF,REF,C,REF,C,REF,REF/C,C,C,C
chrVII.CBS,848609,C,C,REF,REF,C,REF,REF,REF,REF,REF,REF,REF,C/REF,REF,REF,REF,REF,C/REF,C,REF,REF,REF,REF,C,C/REF,REF,REF,REF
chrVIII.CBS,283043,G,G,REF,G,G,REF,REF,G,G/REF,REF,REF,G,G/REF,G,G,G,REF,REF,G,REF,G,G,REF,G/REF,REF,REF,REF,G
chrVIII.CBS,284421,T,T,REF,T,T,REF,REF,T,T/REF,REF,REF,T,T/REF,T,T,T,REF,REF,T,REF,T,T,REF,T/REF,REF,REF,REF,T
chrVIII.CBS,287195,C,C,REF,C,C,REF,REF,C,C/REF,REF,REF,C,C/REF,REF,C,C,REF,REF,C,REF,C,REF,REF,C/REF,REF,REF,REF,REF
chrVIII.CBS,439024,T,REF,T,REF,T,REF,REF,REF,REF/T,T,T,T,REF/T,REF,REF,T,T,REF,REF,T,REF,REF,REF,REF/T,T,T,REF,REF
chrVIII.CBS,441438,C,C,REF,C,REF,C,C,C,C/REF,REF,REF,REF,C/REF,C,C,REF,REF,C,C,REF,C,C,C,C/REF,REF,REF,C,C
chrVIII.CBS,441668,C,C,REF,C,REF,C,C,C,C/REF,REF,REF,REF,C/REF,C,C,REF,REF,C,C,REF,C,C,C,C/REF,REF,REF,C,C
chrIX.CBS,251851,G,G,REF,G,REF,REF,G,REF,REF,REF,REF,G,G,G,REF,REF,REF,G,G,G,REF,REF,G,G,G,G,G,G
chrIX.CBS,252589,G,G,REF,G,REF,REF,G,REF,REF,REF,REF,G,G,G,REF,REF,REF,G,G,G,REF,REF,G,G,G,G,G,G
chrIX.CBS,253180,A,A,REF,A,REF,REF,A,REF,REF,REF,REF,A,A,A,REF,REF,REF,A,A,A,REF,REF,A,A,A,A,A,A
chrIX.CBS,261285,C,REF,C,REF,C,C,REF,C,REF,C,C,REF,REF,REF,C,C,C,REF,REF,REF,C,C,REF,C,REF,REF,REF,REF
chrIX.CBS,262721,T,REF,T,REF,T,T,REF,T,REF,T,T,REF,REF,REF,T,T,T,REF,REF,REF,T,T,REF,REF,REF,REF,REF,REF
chrIX.CBS,326965,T,REF,T,REF,T,T,REF,T,REF,T,T,REF,REF,REF,T,T,T,REF,REF,REF,REF,T,REF,REF,REF,REF,REF,REF
chrIX.CBS,327695,C,REF,C,REF,C,C,REF,C,REF,C,C,REF,REF,REF,C,C,C,REF,REF,REF,REF,C,REF,REF,REF,REF,REF,REF
chrIX.CBS,328806,C,C,REF,C,REF,REF,C,REF,C,REF,REF,REF,C,REF,REF,REF,REF,C,C,REF,C,REF,C,REF,C,C,REF,C
chrX.CBS,103244,G,REF,G,REF,G,G,REF,REF,G,REF,G,G,G,REF,G,G,REF,G,REF,REF,G,G,G,REF,REF,REF,G,G
chrX.CBS,106213,T,REF,T,REF,T,T,T,REF,T,REF,T,T,T,REF,T,T,REF,T,REF,REF,T,T,T,REF,REF,REF,T,T
chrX.CBS,404407,C,C,REF,REF,C,REF,REF,REF,REF,C,C,REF,REF,C,REF,REF,REF,REF,C,C,REF,REF,REF,REF,REF,C,REF,REF
chrX.CBS,406009,A,A,REF,REF,A,REF,REF,REF,REF,A,A,REF,REF,A,REF,REF,REF,REF,A,A,REF,REF,REF,REF,REF,A,REF,REF
chrX.CBS,406012,A,A,REF,REF,A,REF,REF,REF,REF,A,A,REF,REF,A,REF,REF,REF,REF,A,A,REF,REF,REF,REF,REF,A,REF,REF
chrX.CBS,406014,A,A,REF,REF,A,REF,REF,REF,REF,A,A,REF,REF,A,REF,REF,REF,REF,A,A,REF,REF,REF,REF,REF,A,REF,REF
chrX.CBS,657606,T,T,REF,REF,T,REF,REF,REF,REF,T,T,REF,REF,T,REF,REF,REF,REF,T,T,REF,REF,REF,REF,T,REF,REF,REF
chrX.CBS,657614,A,A,REF,REF,A,REF,REF,REF,REF,A,A,REF,REF,A,REF,REF,REF,REF,A,A,REF,REF,REF,REF,A,REF,REF,REF
chrX.CBS,657936,C,C,REF,REF,C,REF,REF,REF,REF,REF,C,REF,REF,C,REF,REF,REF,REF,C,C,REF,REF,REF,REF,C,REF,REF,REF
chrX.CBS,658038,T,T,REF,REF,T,REF,REF,REF,REF,REF,T,REF,REF,T,REF,REF,REF,REF,T,T,REF,REF,REF,REF,T,REF,REF,REF
chrX.CBS,658082,T,T,REF,REF,T,REF,REF,REF,REF,REF,T,REF,REF,T,REF,REF,REF,REF,T,T,REF,REF,REF,REF,T,REF,REF,REF
chrX.CBS,658104,T,T,REF,REF,T,REF,REF,REF,REF,REF,T,REF,REF,T,REF,REF,REF,REF,T,T,REF,REF,REF,REF,T,REF,REF,REF
chrX.CBS,658239,G,G,REF,REF,G,REF,REF,REF,REF,REF,G,REF,REF,G,REF,REF,REF,REF,G,G,REF,REF,REF,REF,G,REF,REF,REF
chrX.CBS,658917,A,A,REF,REF,A,REF,REF,REF,REF,REF,A,REF,REF,A,REF,REF,REF,REF,A,A,REF,REF,REF,REF,A,REF,REF,REF
chrX.CBS,659041,A,A,REF,REF,A,REF,REF,REF,REF,REF,A,REF,REF,A,REF,REF,REF,REF,A,A,REF,REF,REF,REF,A,REF,REF,REF
chrX.CBS,659574,T,T,REF,REF,T,REF,REF,REF,REF,REF,T,REF,REF,T,REF,REF,REF,REF,T,T,REF,REF,REF,REF,T,REF,REF,REF
chrXI.CBS,272568,A,REF,A,REF,A,REF,REF,REF,REF,REF,REF,REF,A,REF,REF/A,REF/A,REF,A,REF,A,REF,A,REF,REF,REF,A,REF,REF/A
chrXI.CBS,274076,A,REF,A,REF,A,REF,REF,REF,REF,REF,REF,REF,A,REF,REF/A,REF/A,REF,A,REF,A,REF,REF,REF,REF,REF,A,REF,REF/A
chrXI.CBS,275062,C,C,REF,C,REF,C,C,C,C,C,C,C,REF,C,C/REF,C/REF,C,REF,C,REF,C,REF,C,C,C,REF,REF,C/REF
chrXI.CBS,276322,T,T,REF,T,REF,T,T,T,T,T,T,T,REF,REF,T/REF,T/REF,T,REF,T,REF,T,REF,T,T,T,REF,REF,T/REF
chrXI.CBS,277860,A,REF,A,REF,A,A,REF,REF,REF,REF,REF,REF,A,A,REF/A,REF/A,REF,A,REF,A,REF,A,REF,REF,REF,A,A,REF/A
chrXI.CBS,534778,C,C,REF,C,REF,REF,C,C,C,C,C,C,C,REF,C/REF,C/REF,C,REF,REF,REF,C,REF,C,C,C,REF,REF,C/REF
chrXI.CBS,534836,T,T,REF,T,REF,REF,T,T,T,T,T,T,T,REF,T/REF,T/REF,T,REF,REF,REF,T,REF,T,T,T,REF,REF,T/REF
chrXI.CBS,534962,T,T,REF,T,REF,REF,T,T,T,T,T,T,T,REF,T/REF,T/REF,T,REF,REF,REF,T,REF,T,T,T,REF,REF,T/REF
chrXI.CBS,534983,C,C,REF,C,REF,REF,C,C,C,C,C,C,C,REF,C/REF,C/REF,C,REF,REF,REF,C,REF,C,C,C,REF,REF,C/REF
chrXI.CBS,536618,T,T,REF,T,REF,REF,T,T,T,T,T,T,T,T,T/REF,T/REF,T,REF,T,T,T,REF,T,T,T,REF,REF,T/REF
chrXI.CBS,538317,C,C,REF,C,REF,REF,C,C,C,C,C,C,C,C,C/REF,C/REF,C,C,C,C,C,REF,C,C,C,REF,REF,C/REF
chrXI.CBS,538693,C,C,REF,C,REF,REF,C,C,C,C,C,C,C,REF,C/REF,C/REF,C,C,REF,C,C,REF,REF,C,REF,REF,REF,C/REF
chrXI.CBS,538712,A,A,REF,A,REF,REF,A,A,A,A,A,A,A,A,A/REF,A/REF,A,A,A,A,A,REF,A,A,REF,REF,REF,A/REF
chrXI.CBS,538850,G,G,REF,G,REF,REF,G,G,G,G,G,G,G,G,G/REF,G/REF,G,G,G,G,G,REF,G,G,G,REF,REF,G/REF
chrXI.CBS,539117,C,C,REF,C,REF,REF,C,C,C,C,C,C,C,C,C/REF,C/REF,C,C,C,C,C,REF,C,C,C,REF,REF,C/REF
chrXI.CBS,540456,T,T,REF,T,REF,REF,T,T,T,T,T,T,T,T,T/REF,T/REF,T,T,T,T,T,REF,T,T,T,REF,REF,T/REF
chrXI.CBS,540457,T,T,REF,T,REF,REF,T,T,T,T,T,T,T,T,T/REF,T/REF,T,T,T,T,T,REF,T,T,T,REF,REF,T/REF
chrXI.CBS,541095,A,A,REF,A,REF,REF,A,A,A,A,A,A,A,A,A/REF,A/REF,A,A,A,A,A,REF,A,A,A,REF,REF,A/REF
chrXI.CBS,542076,A,A,REF,A,REF,REF,A,A,A,A,A,A,A,A,A/REF,A/REF,A,A,A,A,A,REF,A,A,A,REF,REF,A/REF
chrXI.CBS,543052,C,C,REF,C,REF,REF,C,C,C,C,C,C,C,C,C/REF,C/REF,C,C,C,C,C,REF,C,C,C,REF,REF,C/REF
chrXI.CBS,544459,C,REF,C,REF,C,C,REF,REF,REF,REF,REF,REF,REF,REF,REF/C,REF/C,REF,REF,REF,REF,REF,C,REF,REF,REF,C,C,REF/C
chrXI.CBS,546547,A,A,REF,A,REF,REF,A,A,A,A,A,A,A,A,A/REF,A/REF,REF,A,A,A,A,REF,A,A,A,REF,REF,A/REF
chrXII.CBS,378572,T,T,REF,T,REF,REF,T,T,REF,T/REF,T/REF,T/REF,REF,T/REF,T,T,REF,REF,T,REF,T,T,T,T,REF,T/REF,T/REF,T
chrXII.CBS,379278,C,REF,C,REF,C,C,REF,REF,C,REF/C,REF/C,REF/C,C,REF/C,REF,REF,C,C,C,C,REF,REF,REF,REF,C,REF/C,REF/C,REF
chrXII.CBS,380261,T,T,REF,T,REF,REF,T,T,REF,T/REF,T/REF,T/REF,REF,T/REF,T,T,REF,REF,REF,T,T,T,T,T,REF,T/REF,T/REF,T
chrXII.CBS,381251,A,A,REF,A,REF,REF,A,A,REF,A/REF,A/REF,A/REF,REF,A/REF,A,A,REF,REF,REF,REF,A,A,A,A,REF,A/REF,A/REF,A
chrXII.CBS,385280,T,T,REF,T,REF,REF,T,T,REF,T/REF,T/REF,T/REF,REF,T/REF,T,T,REF,T,T,T,T,T,T,T,REF,T/REF,T/REF,T
chrXII.CBS,385826,A,REF,A,REF,A,A,REF,REF,A,REF/A,REF/A,REF/A,A,REF/A,REF,REF,A,REF,REF,REF,REF,REF,REF,REF,A,REF/A,REF/A,REF
chrXII.CBS,394678,G,REF,G,REF,G,G,REF,REF,G,REF/G,REF/G,REF/G,REF,REF/G,REF,REF,G,REF,REF,REF,REF,REF,REF,REF,G,REF/G,REF/G,REF
chrXII.CBS,984447,G,REF,G,REF,G,G,REF,REF,G,REF/G,REF/G,REF/G,REF,REF/G,REF,REF,REF,REF,G,REF,REF,REF,REF,REF,G,REF/G,REF/G,REF
chrXII.CBS,985385,T,T,REF,T,REF,REF,T,T,REF,T/REF,T/REF,T/REF,T,T/REF,T,T,T,T,REF,T,T,T,T,T,REF,T/REF,T/REF,T
chrXII.CBS,990655,G,REF,G,REF,G,G,REF,REF,G,REF/G,REF/G,REF/G,REF,REF/G,REF,REF,REF,REF,G,REF,REF,REF,REF,G,G,REF/G,REF/G,REF
chrXII.CBS,990870,T,T,REF,T,REF,REF,T,T,REF,T/REF,T/REF,T/REF,T,T/REF,T,T,T,T,REF,T,T,T,T,REF,REF,T/REF,T/REF,T
chrXII.CBS,995204,T,REF,T,REF,T,T,REF,REF,T,REF/T,REF/T,REF/T,REF,REF/T,REF,REF,REF,REF,T,REF,REF,REF,REF,T,T,REF/T,REF/T,REF
chrXII.CBS,995805,C,C,REF,C,REF,REF,C,C,REF,C/REF,C/REF,C/REF,C,C/REF,C,C,C,C,REF,C,C,C,C,REF,REF,C/REF,C/REF,C
chrXIII.CBS,495317,C,C,REF,REF,REF,C,REF,C,C,C,C,C,C,C,C,REF,REF,C,REF,C,REF,C,REF,REF,C,REF,REF,C
chrXIII.CBS,688403,T,T,REF,REF,REF,REF,REF,T,T,T,T,REF,REF,T,T,REF,T,T,REF,T,REF,T,REF,REF,T,REF,REF,T
chrXIII.CBS,690128,T,REF,T,T,T,T,T,REF,REF,REF,REF,T,T,REF,REF,T,REF,REF,T,REF,T,REF,T,T,REF,T,T,REF
chrXV.CBS,281094,A,A,REF,A,A,A,REF,A,REF,REF,REF,A,A,A,A,A,REF,REF,A,A,REF,A,A,REF,REF,REF,REF,A
,,,,,,,,,,,,,,,,,,,,,,,,,,,,,
,,,,,,,,,,,,,,,,,,,,,,,,,,,,,
,,,,,,,,,,,,,,,,,,,,,,,,,,,,,
,,,,,,,,,,,,,,,,,,,,,,,,,,,,,
S. cerevisiae LOH,,,,,,,,,,,,,,,,,,,,,,,,,,,,,
Chromosome,Position,Living ancestor,Sc haplotype,Sp haplotype,A347R1,A347R2,A347R3,A347R32,A347R33,A347R34,A347R35,A347R36,A347R37,A347R38,A347R39,A347R40,A347R41,A347R42,A347R43,A347R44,A347R45,A347R46,A347R47,A347R48,A347R49,A347R50,A452R79,A452R80,A452R81
chrV.DBV,140330,A,REF,A,REF,REF,REF,A,A,A,REF,REF,REF,A,A,A,A,REF,A,A,REF,A,REF,REF,A,A,REF,REF,REF
chrVIII.DBV,324385,A,A,REF,A,A,REF,REF,A,A/REF,REF,REF,A,A/REF,A,A,A,REF,REF,A,REF,A,A,REF,A/REF,REF,REF,REF,A
chrVIII.DBV,325439,T,T,REF,T,T,REF,REF,T,T/REF,REF,REF,T,T/REF,T,T,T,REF,REF,T,REF,T,T,REF,T/REF,REF,REF,REF,T
chrVIII.DBV,328113,G,G,REF,G,G,REF,REF,G,G/REF,REF,REF,G,G/REF,G,G,G,REF,REF,G,REF,G,G,REF,G/REF,G,REF,REF,G
chrVIII.DBV,334979,T,REF,T,REF,REF,T,T,REF,REF/T,T,T,T,REF/T,REF,REF,REF,T,REF,REF,T,REF,REF,T,REF/T,REF,T,REF,REF
chrVIII.DBV,336067,G,REF,G,REF,REF,G,G,REF,REF/G,G,G,G,REF/G,REF,REF,REF,G,REF,REF,G,REF,REF,G,REF/G,REF,G,REF,REF
chrVIII.DBV,336571,A,A,REF,A,A,REF,REF,A,A/REF,REF,REF,REF,A/REF,A,A,A,REF,A,A,REF,A,A,REF,A/REF,A,REF,A,A
chrVIII.DBV,338350,C,C,REF,C,C,REF,REF,C,C/REF,REF,REF,REF,C/REF,C,C,C,REF,C,C,REF,C,C,C,C/REF,C,REF,C,C
chrVIII.DBV,338846,A,A,REF,A,A,REF,REF,A,A/REF,REF,REF,REF,A/REF,A,A,A,REF,A,A,REF,A,A,A,A/REF,A,REF,A,A
chrVIII.DBV,342506,A,A,REF,A,A,REF,REF,A,A/REF,REF,REF,REF,A/REF,A,A,A,REF,A,A,REF,A,A,A,A/REF,A,REF,A,A
chrVIII.DBV,344646,C,REF,C,REF,REF,C,C,REF,REF/C,C,C,C,REF/C,REF,REF,REF,C,REF,REF,C,REF,REF,REF,REF/C,REF,C,REF,REF
chrVIII.DBV,345560,A,REF,A,REF,REF,A,A,REF,REF/A,A,A,A,REF/A,REF,REF,REF,A,REF,REF,A,REF,REF,REF,REF/A,REF,A,REF,REF
chrVIII.DBV,345995,C,REF,C,REF,REF,C,C,REF,REF/C,C,C,C,REF/C,REF,REF,REF,C,REF,REF,C,REF,REF,REF,REF/C,REF,C,REF,REF
chrVIII.DBV,346889,C,C,REF,C,C,REF,REF,C,C/REF,REF,REF,REF,C/REF,C,C,C,REF,C,C,REF,C,C,C,C/REF,C,REF,C,C
chrVIII.DBV,347132,C,REF,C,REF,REF,C,C,REF,REF/C,C,C,C,REF/C,REF,REF,REF,C,REF,REF,C,REF,REF,REF,REF/C,REF,C,REF,REF
chrVIII.DBV,393492,G,G,REF,G,G,REF,REF,G,G/REF,REF,REF,REF,G/REF,G,G,REF,REF,G,G,REF,G,G,G,G/REF,G,REF,G,G
chrVIII.DBV,394044,G,REF,G,REF,REF,G,G,REF,REF/G,G,G,G,REF/G,REF,REF,G,G,REF,REF,G,REF,REF,REF,REF/G,REF,G,REF,REF
chrVIII.DBV,395859,A,A,REF,A,REF,REF,REF,A,A/REF,REF,REF,REF,A/REF,A,A,REF,REF,A,A,REF,A,A,A,A/REF,A,REF,A,A
chrVIII.DBV,396311,T,T,REF,T,REF,REF,REF,T,T/REF,REF,REF,REF,T/REF,T,T,REF,REF,T,T,REF,T,T,T,T/REF,T,REF,T,T
chrVIII.DBV,399325,G,G,REF,G,REF,REF,REF,G,G/REF,REF,REF,REF,G/REF,G,G,REF,REF,G,G,REF,G,G,G,G/REF,G,REF,G,G
chrVIII.DBV,399853,C,REF,C,REF,C,C,C,REF,REF/C,C,C,C,REF/C,REF,REF,C,C,REF,REF,C,REF,REF,REF,REF/C,REF,C,REF,REF
chrVIII.DBV,400770,T,REF,T,REF,T,T,T,REF,REF/T,T,T,T,REF/T,REF,REF,T,T,REF,REF,T,REF,REF,REF,REF/T,REF,T,REF,REF
chrVIII.DBV,404621,C,C,REF,C,REF,REF,REF,C,C/REF,REF,REF,REF,C/REF,C,C,REF,REF,C,C,REF,C,C,C,C/REF,C,REF,C,C
chrVIII.DBV,407079,T,T,REF,T,REF,REF,REF,T,T/REF,REF,REF,REF,T/REF,T,T,REF,REF,T,T,REF,T,T,T,T/REF,T,REF,T,T
chrVIII.DBV,407752,T,T,REF,T,REF,REF,REF,T,T/REF,REF,REF,REF,T/REF,T,T,REF,REF,T,T,REF,T,T,T,T/REF,T,REF,T,T
chrVIII.DBV,410228,A,REF,A,REF,A,A,REF,REF,REF/A,A,A,A,REF/A,REF,REF,A,A,REF,REF,A,REF,REF,REF,REF/A,REF,A,REF,REF
chrVIII.DBV,412224,A,REF,A,REF,A,A,REF,REF,REF/A,A,A,A,REF/A,REF,REF,A,A,REF,REF,A,REF,REF,REF,REF/A,REF,A,REF,REF
chrVIII.DBV,412532,G,G,REF,G,REF,REF,G,G,G/REF,REF,REF,REF,G/REF,G,G,REF,REF,G,G,REF,G,G,G,G/REF,G,REF,G,G
chrVIII.DBV,415038,A,A,REF,A,REF,A,A,A,A/REF,REF,REF,REF,A/REF,A,A,REF,REF,A,A,REF,A,A,A,A/REF,A,REF,A,A
chrVIII.DBV,415491,T,T,REF,T,REF,T,T,T,T/REF,REF,REF,REF,T/REF,T,T,REF,REF,T,T,REF,T,T,T,T/REF,T,REF,T,T
chrVIII.DBV,416054,G,G,REF,G,REF,G,G,G,G/REF,REF,REF,REF,G/REF,G,G,REF,REF,G,G,REF,G,G,G,G/REF,G,REF,G,G
chrVIII.DBV,416482,G,REF,G,REF,G,REF,REF,REF,REF/G,G,G,G,REF/G,REF,REF,G,G,REF,REF,G,REF,REF,REF,REF/G,REF,G,REF,REF
chrVIII.DBV,416739,T,REF,T,REF,T,REF,REF,REF,REF/T,T,T,T,REF/T,REF,REF,T,T,REF,REF,T,REF,REF,REF,REF/T,REF,T,REF,REF
chrX.DBV,599239,A,REF,A,A,REF,A,A,A,A,REF,REF,A,A,REF,A,A,A,A,REF,REF,A,A,A,A,REF,REF,A,A
